date,name,lectionary_number,color,reading_1,reading_1_link,psalm,psalm_link,allelulia,allelulia_link,reading_2,reading_2_link,gospel,gospel_link
2025-10-23,Thursday of the Twenty-ninth Week in Ordinary Time,476,Green,Romans 6:19-23,bible/romans-06.html#18,"Psalm 1:1-2, 3, 4 and 6",bible/psalms-01.html,Philippians 3:8-9,bible/philippians-03.html#7,,,Luke 12:49-53,bible/luke-12.html#48
2025-10-24,Friday of the Twenty-ninth Week in Ordinary Time,477,Green,Romans 7:18-25a,bible/romans-07.html#17,"Psalm 119:66, 68, 76, 77, 93, 94",bible/psalms-119.html#65,See Matthew 11:25,bible/matthew-11.html#24,,,Luke 12:54-59,bible/luke-12.html#53
2025-10-25,Saturday of the Twenty-ninth Week in Ordinary Time,478,Green,Romans 8:1-11,bible/romans-08.html,"Psalm 24:1b-2, 3-4ab, 5-6",bible/psalms-24.html,Ezekiel 33:11,bible/ezekiel-33.html#10,,,Luke 13:1-9,bible/luke-13.html
2025-10-26,Thirtieth Sunday in Ordinary Time,150,Green,"Sirach 35:12-14, 16-18",bible/sirach-35.html#11,"Psalm 34:2-3, 17-18, 19, 23",bible/psalms-34.html#1,2 Corinthians 5:19,bible/2-corinthians-05.html#18,"2 Timothy 4:6-8, 16-18",bible/2-timothy-04.html#5,Luke 18:9-14,bible/luke-18.html#8
2025-10-27,Monday of the Thirtieth Week in Ordinary Time,479,Green,Romans 8:12-17,bible/romans-08.html#11,"Psalm 68:2 and 4, 6-7ab, 20-21",bible/psalms-68.html#1,"John 17:17b, 17a",bible/john-17.html#16,,,Luke 13:10-17,bible/luke-13.html#9
2025-10-28,"Feast of Saints Simon and Jude, Apostles",666,Red,Ephesians 2:19-22,bible/ephesians-02.html#18,"Psalm 19:2-3, 4-5",bible/psalms-19.html#1,,,,,Luke 6:12-16,bible/luke-06.html#11
2025-10-29,Wednesday of the Thirtieth Week in Ordinary Time,481,Green,Romans 8:26-30,bible/romans-08.html#25,"Psalm 13:4-5, 6",bible/psalms-13.html#3,See 2 Thessalonians 2:14,,,,Luke 13:22-30,bible/luke-13.html#21
2025-10-30,Thursday of the Thirtieth Week in Ordinary Time,482,Green,Romans 8:31b-39,bible/romans-08.html#30,"Psalm 109:21-22, 26-27, 30-31",bible/psalms-109.html#20,See Luke 19:38; 2:14,bible/luke-19.html#37,,,Luke 13:31-35,bible/luke-13.html#30
2025-10-31,Friday of the Thirtieth Week in Ordinary Time,483,Green,Romans 9:1-5,bible/romans-09.html,"Psalm 147:12-13, 14-15, 19-20",bible/psalms-147.html#11,John 10:27,bible/john-10.html#26,,,Luke 14:1-6,bible/luke-14.html
2025-11-01,Solemnity of All Saints,667,White,"Revelation 7:2-4, 9-14",bible/revelation-07.html#1,"Psalm 24:1bc-2, 3-4ab, 5-6",bible/psalms-24.html,Matthew 11:28,bible/matthew-11.html#27,1 John 3:1-3,bible/1-john-03.html,Matthew 5:1-12a,bible/matthew-05.html
2025-11-02,The Commemoration of All the Faithful Departed,668,Black,Wisdom 3:1-9,bible/wisdom-03.html,"Psalm 23:1-3a, 3b-4, 5, 6",bible/psalms-23.html,Matthew 25:34,bible/matthew-25.html#33,Romans 5:5-11,bible/romans-05.html#4,John 6:37-40,bible/john-06.html#36
2025-11-03,Monday of the Thirty-first Week in Ordinary Time,485,Green,Romans 11:29-36,bible/romans-11.html#28,"Psalm 69:30-31, 33-34, 36",bible/psalms-69.html#29,John 8:31b-32,bible/john-08.html#30,,,Luke 14:12-14,bible/luke-14.html#11
2025-11-04,"Memorial of Saint Charles Borromeo, Bishop",486,White,Romans 12:5-16ab,bible/romans-12.html#4,"Psalm 131:1bcde, 2, 3",bible/psalms-131.html,Matthew 11:28,bible/matthew-11.html#27,,,Luke 14:15-24,bible/luke-14.html#14
2025-11-05,Wednesday of the Thirty-first Week in Ordinary Time,487,Green,Romans 13:8-10,bible/romans-13.html#7,"Psalm 112:1b-2, 4-5, 9",bible/psalms-112.html,1 Peter 4:14,bible/1-peter-04.html#13,,,Luke 14:25-33,bible/luke-14.html#24
2025-11-06,Thursday of the Thirty-first Week in Ordinary Time,488,Green,Romans 14:7-12,bible/romans-14.html#6,"Psalm 27:1bcde, 4, 13-14",bible/psalms-27.html,Matthew 11:28,bible/matthew-11.html#27,,,Luke 15:1-10,bible/luke-15.html
2025-11-07,Friday of the Thirty-first Week in Ordinary Time,489,Green,Romans 15:14-21,bible/romans-15.html#13,"Psalm 98:1, 2-3ab, 3cd-4",bible/psalms-98.html,1 John 2:5,bible/1-john-02.html#4,,,Luke 16:1-8,bible/luke-16.html
2025-11-08,Saturday of the Thirty-first Week in Ordinary Time,490,Green,"Romans 16:3-9, 16, 22-27",bible/romans-16.html#2,"Psalm 145:2-3, 4-5, 10-11",bible/psalms-145.html#1,2 Corinthians 8:9,bible/2-corinthians-08.html#8,,,Luke 16:9-15,bible/luke-16.html#8
2025-11-09,Feast of the Dedication of the Lateran Basilica in Rome,671,White,"Ezekiel 47:1-2, 8-9, 12",bible/ezekiel-47.html,"Psalm 46:2-3, 5-6, 8-9",bible/psalms-46.html#1,2 Chronicles 7:16,bible/2-chronicles-07.html#15,"1 Corinthians 3:9c-11, 16-17",bible/1-corinthians-03.html#8,John 2:13-22,bible/john-02.html#12
2025-11-10,"Memorial of Saint Leo the Great, Pope and Doctor of the Church",491,White,Wisdom 1:1-7,bible/wisdom-01.html,"Psalm 139:1b-3, 4-6, 7-8, 9-10",bible/psalms-139.html,"Philippians 2:15d, 16a",bible/philippians-02.html#14,,,Luke 17:1-6,bible/luke-17.html
2025-11-11,"Memorial of Saint Martin of Tours, Bishop",492,White,Wisdom 2:23–3:9,bible/wisdom-02.html#22,"Psalm 34:2-3, 16-17, 18-19",bible/psalms-34.html#1,John 14:23,bible/john-14.html#22,,,Luke 17:7-10,bible/luke-17.html#6
2025-11-12,"Memorial of Saint Josaphat, Bishop and Martyr",493,Red,Wisdom 6:1-11,bible/wisdom-06.html,"Psalm 82:3-4, 6-7",bible/psalms-82.html#2,1 Thessalonians 5:18,bible/1-thessalonians-05.html#17,,,Luke 17:11-19,bible/luke-17.html#10
2025-11-13,"Memorial of Saint Frances Xavier Cabrini, Virgin",494,White,Wisdom 7:22b–8:1,bible/wisdom-07.html#21,"Psalm 119:89, 90, 91, 130, 135, 175",bible/psalms-119.html#88,John 15:5,bible/john-15.html#4,,,Luke 17:20-25,bible/luke-17.html#19
2025-11-14,Friday of the Thirty-second Week in Ordinary Time,495,Green,Wisdom 13:1-9,bible/wisdom-13.html,"Psalm 19:2-3, 4-5ab",bible/psalms-19.html#1,Luke 21:28,bible/luke-21.html#27,,,Luke 17:26-37,bible/luke-17.html#25
2025-11-15,Saturday of the Thirty-second Week in Ordinary Time,496,Green,Wisdom 18:14-16; 19:6-9,bible/wisdom-18.html#13,"Psalm 105:2-3, 36-37, 42-43",bible/psalms-105.html#1,See 2 Thessalonians 2:14,,,,Luke 18:1-8,bible/luke-18.html
2025-11-16,Thirty-third Sunday in Ordinary Time,159,Green,Malachi 3:19-20a,bible/malachi-03.html#18,"Psalm 98:5-6, 7-8, 9",bible/psalms-98.html#4,Luke 21:28,bible/luke-21.html#27,2 Thessalonians 3:7-12,bible/2-thessalonians-03.html#6,Luke 21:5-19,bible/luke-21.html#4
2025-11-17,"Memorial of Saint Elizabeth of Hungary, Religious",497,White,"1 Maccabees 1:10-15, 41-43, 54-57, 62-63",bible/1-maccabees-01.html#9,"Psalm 119:53, 61, 134, 150, 155, 158",bible/psalms-119.html#52,John 8:12,bible/john-08.html#11,,,Luke 18:35-43,bible/luke-18.html#34
2025-11-18,Tuesday of the Thirty-third Week in Ordinary Time,498,Green,2 Maccabees 6:18-31,bible/2-maccabees-06.html#17,"Psalm 3:2-3, 4-5, 6-7",bible/psalms-03.html#1,1 John 4:10b,bible/1-john-04.html#9,,,Luke 19:1-10,bible/luke-19.html
2025-11-19,Wednesday of the Thirty-third Week in Ordinary Time,499,Green,"2 Maccabees 7:1, 20-31",bible/2-maccabees-07.html,"Psalm 17:1bcd, 5-6, 8b and 15",bible/psalms-17.html,See John 15:16,bible/john-15.html#15,,,Luke 19:11-28,bible/luke-19.html#10
2025-11-20,Thursday of the Thirty-third Week in Ordinary Time,500,Green,1 Maccabees 2:15-29,bible/1-maccabees-02.html#14,"Psalm 50:1b-2, 5-6, 14-15",bible/psalms-50.html,Psalm 95:8,bible/psalms-95.html#7,,,Luke 19:41-44,bible/luke-19.html#40
2025-11-21,Memorial of the Presentation of the Blessed Virgin Mary,501,White,"1 Maccabees 4:36-37, 52-59",bible/1-maccabees-04.html#35,"1 Chronicles 29:10bcd, 11abc, 11d-12a, 12bcd",bible/1-chronicles-29.html#9,John 10:27,bible/john-10.html#26,,,Luke 19:45-48,bible/luke-19.html#44
2025-11-22,"Memorial of Saint Cecilia, Virgin and Martyr",502,Red,1 Maccabees 6:1-13,bible/1-maccabees-06.html,"Psalm 9:2-3, 4 and 6, 16 and 19",bible/psalms-09.html#1,See 2 Timothy 1:10,,,,Luke 20:27-40,bible/luke-20.html#26
2025-11-23,"The Solemnity of Our Lord Jesus Christ, King of the Universe",162,White,2 Samuel 5:1-3,bible/2-samuel-05.html,"Psalm 122:1-2, 3-4, 4-5",bible/psalms-122.html,"Mark 11:9, 10",bible/mark-11.html#8,Colossians 1:12-20,bible/colossians-01.html#11,Luke 23:35-43,bible/luke-23.html#34
2025-11-24,"Memorial of Saint Andrew Dŭng-Lạc, Priest, and Companions, Martyrs",503,Red,"Daniel 1:1-6, 8-20",bible/daniel-01.html,"Daniel 3:52, 53, 54, 55, 56",bible/daniel-03.html#51,"Matthew 24:42a, 44",bible/matthew-24.html#41,,,Luke 21:1-4,bible/luke-21.html
2025-11-25,Tuesday of the Thirty-fourth Week in Ordinary Time,504,Green,Daniel 2:31-45,bible/daniel-02.html#30,"Daniel 3:57, 58, 59, 60, 61",bible/daniel-03.html#56,Revelation 2:10c,bible/revelation-02.html#9,,,Luke 21:5-11,bible/luke-21.html#4
2025-11-26,Wednesday of the Thirty-fourth Week in Ordinary Time,505,Green,"Daniel 5:1-6, 13-14, 16-17, 23-28",bible/daniel-05.html,"Daniel 3:62, 63, 64, 65, 66, 67",bible/daniel-03.html#61,Revelation 2:10c,bible/revelation-02.html#9,,,Luke 21:12-19,bible/luke-21.html#11
2025-11-27,Thanksgiving Day,943,Green,Sirach 50:22-24,bible/sirach-50.html#21,"Psalm 145:2-3, 4-5, 6-7, 8-9, 10-11",bible/psalms-145.html#1,1 Thessalonians 5:18,bible/1-thessalonians-05.html#17,1 Corinthians 1:3-9,bible/1-corinthians-01.html#2,Luke 17:11-19,bible/luke-17.html#10
2025-11-28,Friday of the Thirty-fourth Week in Ordinary Time,507,Green,Daniel 7:2-14,bible/daniel-07.html#1,"Daniel 3:75, 76, 77, 78, 79, 80, 81",bible/daniel-03.html#74,Luke 21:28,bible/luke-21.html#27,,,Luke 21:29-33,bible/luke-21.html#28
2025-11-29,Saturday of the Thirty-fourth Week in Ordinary Time,508,Green,Daniel 7:15-27,bible/daniel-07.html#14,"Daniel 3:82, 83, 84, 85, 86, 87",bible/daniel-03.html#81,Luke 21:36,bible/luke-21.html#35,,,Luke 21:34-36,bible/luke-21.html#33
2025-11-30,First Sunday of Advent,1,Violet,Isaiah 2:1-5,bible/isaiah-02.html,"Psalm 122: 1-2, 3-4, 4-5, 6-7, 8-9",,Cf. Psalm 85:8,,Romans 13:11-14,bible/romans-13.html#10,Matthew 24:37-44,bible/matthew-24.html#36
2025-12-01,Monday of the First Week of Advent,175,Violet,Isaiah 4:2-6,bible/isaiah-04.html#1,"Psalm 122:1-2, 3-4b, 4cd-5, 6-7, 8-9",bible/psalms-122.html,See Psalm 80:4,bible/psalms-80.html#3,,,Matthew 8:5-11,bible/matthew-08.html#4
2025-12-02,Tuesday of the First Week of Advent,176,Violet,Isaiah 11:1-10,bible/isaiah-11.html,"Psalm 72:1-2, 7-8, 12-13, 17",bible/psalms-72.html,,,,,Luke 10:21-24,bible/luke-10.html#20
2025-12-03,"Memorial of Saint Francis Xavier, Priest",177,White,Isaiah 25:6-10a,bible/isaiah-25.html#5,"Psalm 23:1-3a, 3b-4, 5, 6",bible/psalms-23.html,,,,,Matthew 15:29-37,bible/matthew-15.html#28
2025-12-04,Thursday of the First Week of Advent,178,Violet,Isaiah 26:1-6,bible/isaiah-26.html,"Psalm 118:1 and 8-9, 19-21, 25-27a",bible/psalms-118.html,Isaiah 55:6,bible/isaiah-55.html#5,,,"Matthew 7:21, 24-27",bible/matthew-07.html#20
2025-12-05,Friday of the First Week of Advent,179,Violet,Isaiah 29:17-24,bible/isaiah-29.html#16,"Psalm 27:1, 4, 13-14",bible/psalms-27.html,,,,,Matthew 9:27-31,bible/matthew-09.html#26
2025-12-06,Saturday of the First Week of Advent,180,Violet,"Isaiah 30:19-21, 23-26",bible/isaiah-30.html#18,"Psalm 147:1-2, 3-4, 5-6",bible/psalms-147.html,Isaiah 33:22,bible/isaiah-33.html#21,,,"Matthew 9:35–10:1, 5a, 6-8",bible/matthew-09.html#34
2025-12-07,Second Sunday of Advent,4,Violet,Isaiah 11:1-10,bible/isaiah-11.html,"Psalm 72:1-2, 7-8, 12-13, 17",bible/psalms-72.html,"Luke 3:4, 6",bible/luke-03.html#3,Romans 15:4-9,bible/romans-15.html#3,Matthew 3:1-12,bible/matthew-03.html
2025-12-08,Solemnity of the Immaculate Conception of the Blessed Virgin Mary,689,White,"Genesis 3:9-15, 20",bible/genesis-03.html#8,"Psalm 98:1, 2-3ab, 3cd-4",bible/psalms-98.html,See Luke 1:28,bible/luke-01.html#27,"Ephesians 1:3-6, 11-12",bible/ephesians-01.html#2,Luke 1:26-38,bible/luke-01.html#25
2025-12-09,Tuesday of the Second Week of Advent,182,Violet,Isaiah 40:1-11,bible/isaiah-40.html,"Psalm 96:1-2, 3 and 10ac, 11-12, 13",bible/psalms-96.html,,,,,Matthew 18:12-14,bible/matthew-18.html#11
2025-12-10,Wednesday of the Second Week of Advent,183,Violet,Isaiah 40:25-31,bible/isaiah-40.html#24,"Psalm 103:1-2, 3-4, 8 and 10",bible/psalms-103.html,,,,,Matthew 11:28-30,bible/matthew-11.html#27
2025-12-11,Thursday of the Second Week of Advent,184,Violet,Isaiah 41:13-20,bible/isaiah-41.html#12,"Psalm 145:1 and 9, 10-11, 12-13ab",bible/psalms-145.html,See Isaiah 45:8,bible/isaiah-45.html#7,,,Matthew 11:11-15,bible/matthew-11.html#10
2025-12-12,Feast of Our Lady of Guadalupe,690,White,Zechariah 2:14-17,bible/zechariah-02.html#13,"Judith 13:18bcde, 19",bible/judith-13.html#17,,,,,Luke 1:26-38,bible/luke-01.html#25
2025-12-13,"Memorial of Saint Lucy, Virgin and Martyr",186,Red,"Sirach 48:1-4, 9-11",bible/sirach-48.html,"Psalm 80:2ac and 3b, 15-16, 18-19",bible/psalms-80.html#1,"Luke 3:4, 6",bible/luke-03.html#3,,,"Matthew 17:9a, 10-13",bible/matthew-17.html#8
2025-12-14,Third Sunday of Advent,7,Violet,"Isaiah 35:1-6a, 10",bible/isaiah-35.html,"Psalm 146:6-7, 8-9, 9-10.",bible/psalms-146.html#5,Isaiah 61:1 (cited in Lk 4:18),bible/isaiah-61.html,James 5:7-10,bible/james-05.html#6,Matthew 11:2-11,bible/matthew-11.html#1
2025-12-15,Monday of the Third Week of Advent,187,Violet,"Numbers 24:2-7, 15-17a",bible/numbers-24.html#1,"Psalm 25:4-5ab, 6 and 7bc, 8-9",bible/psalms-25.html#3,Psalm 85:8,bible/psalms-85.html#7,,,Matthew 21:23-27,bible/matthew-21.html#22
2025-12-16,Tuesday of the Third Week of Advent,188,Violet,"Zephaniah 3:1-2, 9-13",bible/zephaniah-03.html,"Psalm 34:2-3, 6-7, 17-18, 19 and 23",bible/psalms-34.html#1,,,,,Matthew 21:28-32,bible/matthew-21.html#27
2025-12-17,Wednesday of the Third Week of Advent,193,Violet,"Genesis 49:2, 8-10",bible/genesis-49.html#1,"Psalm 72:1-2, 3-4ab, 7-8, 17",bible/psalms-72.html,,,,,Matthew 1:1-17,bible/matthew-01.html
2025-12-18,Thursday of the Third Week of Advent,194,Violet,Jeremiah 23:5-8,bible/jeremiah-23.html#4,"Psalm 72:1-2, 12-13, 18-19",bible/psalms-72.html,,,,,Matthew 1:18-25,bible/matthew-01.html#17
2025-12-19,Friday of the Third Week of Advent,195,Violet,"Judges 13:2-7, 24-25a",bible/judges-13.html#1,"Psalm 71:3-4a, 5-6ab, 16-17",bible/psalms-71.html#2,,,,,Luke 1:5-25,bible/luke-01.html#4
2025-12-20,Saturday of the Third Week of Advent,196,Violet,Isaiah 7:10-14,bible/isaiah-07.html#9,"Psalm 24:1-2, 3-4ab, 5-6",bible/psalms-24.html,,,,,Luke 1:26-38,bible/luke-01.html#25
2025-12-21,Fourth Sunday of Advent,10,Violet,Isaiah 7:10-14,bible/isaiah-07.html#9,"Psalm 24:1-2, 3-4, 5-6.",bible/psalms-24.html,Matthew 1:23,bible/matthew-01.html#22,Romans 1:1-7,bible/romans-01.html,Matthew 1:18-24,bible/matthew-01.html#17
2025-12-22,Monday of the Fourth Week of Advent,198,Violet,1 Samuel 1:24-28,bible/1-samuel-01.html#23,"1 Samuel 2:1, 4-5, 6-7, 8abcd",bible/1-samuel-02.html,,,,,Luke 1:46-56,bible/luke-01.html#45
2025-12-23,Tuesday of the Fourth Week of Advent,199,Violet,"Malachi 3:1-4, 23-24",bible/malachi-03.html,"Psalm 25:4-5ab, 8-9, 10 and 14",bible/psalms-25.html#3,,,,,Luke 1:57-66,bible/luke-01.html#56
2025-12-24,Wednesday of the Fourth Week of Advent,200,Violet,"2 Samuel 7:1-5, 8b-12, 14a, 16",bible/2-samuel-07.html,"Psalm 89:2-3, 4-5, 27 and 29",bible/psalms-89.html#1,,,,,Luke 1:67-79,bible/luke-01.html#66
2025-12-25,The Nativity of the Lord (Christmas),16,White,Isaiah 52:7-10,bible/isaiah-52.html#6,"Psalm 98:1, 2-3, 3-4, 5-6.",bible/psalms-98.html,,,Hebrews 1:1-6,bible/hebrews-01.html,John 1:1-18,bible/john-01.html
2025-12-26,"Feast of Saint Stephen, First Martyr",696,Red,Acts 6:8-10; 7:54-59,bible/acts-06.html#7,"Psalm 31:3cd-4, 6 and 8ab, 16bc and 17",bible/psalms-31.html#2,"Psalm 118:26a, 27a",bible/psalms-118.html#25,,,Matthew 10:17-22,bible/matthew-10.html#16
2025-12-27,"Feast of Saint John, Apostle and Evangelist",697,White,1 John 1:1-4,bible/1-john-01.html,"Psalm 97:1-2, 5-6, 11-12",bible/psalms-97.html,,,,,John 20:1a and 2-8,bible/john-20.html
2025-12-28,"Feast of the Holy Family of Jesus, Mary and Joseph",17,White,"Sirach 3:2-6, 12-14",bible/sirach-03.html#1,"Psalm 128:1-2, 3, 4-5.",bible/psalms-128.html,"Colossians 3:15a, 16a",bible/colossians-03.html#14,Colossians 3:12-21 or 3:12-17,bible/colossians-03.html#11,"Mt 2:13-15, 19-23",
2025-12-29,The Fifth Day in the Octave of Christmas,202,White,1 John 2:3-11,bible/1-john-02.html#2,"Psalm 96:1-2a, 2b-3, 5b-6",bible/psalms-96.html,Luke 2:32,bible/luke-02.html#31,,,Luke 2:22-35,bible/luke-02.html#21
2025-12-30,The Sixth Day in the Octave of Christmas,203,White,1 John 2:12-17,bible/1-john-02.html#11,"Psalm 96:7-8a, 8b-9, 10",bible/psalms-96.html#6,,,,,Luke 2:36-40,bible/luke-02.html#35
2025-12-31,The Seventh Day in the Octave of Christmas,204,White,1 John 2:18-21,bible/1-john-02.html#17,"Psalm 96:1-2, 11-12, 13",bible/psalms-96.html,"John 1:14a, 12a",bible/john-01.html#13,,,John 1:1-18,bible/john-01.html
2026-01-01,"Solemnity of Mary, the Holy Mother of God",18,White,Numbers 6:22-27,bible/numbers-06.html#21,"Psalm 67:2-3, 5, 6, 8",bible/psalms-67.html#1,Hebrews 1:1-2,bible/hebrews-01.html,Galatians 4:4-7,bible/galatians-04.html#3,Luke 2:16-21,bible/luke-02.html#15
2026-01-02,"Memorial of Saints Basil the Great and Gregory Nazianzen, Bishops and Doctors of the Church",205,White,1 John 2:22-28,bible/1-john-02.html#21,"Psalm 98:1, 2-3ab, 3cd-4",bible/psalms-98.html,Hebrews 1:1-2,bible/hebrews-01.html,,,John 1:19-28,bible/john-01.html#18
2026-01-03,Christmas Weekday,206,White,1 John 2:29–3:6,bible/1-john-02.html#28,"Psalm 98:1, 3cd-4, 5-6",bible/psalms-98.html,"John 1:14a, 12a",bible/john-01.html#13,,,John 1:29-34,bible/john-01.html#28
2026-01-04,The Epiphany of the Lord,20,White,Isaiah 60:1-6,bible/isaiah-60.html,"Psalm 72:1-2, 7-8, 10-11, 12-13.",bible/psalms-72.html,Matthew 2:2,bible/matthew-02.html#1,"Ephesians 3:2-3a, 5-6",bible/ephesians-03.html#1,Matthew 2:1-12,bible/matthew-02.html
2026-01-05,"Memorial of St. John Neumann, Bishop",212,White,1 John 3:22–4:6,bible/1-john-03.html#21,"Psalm 2:7bc-8, 10-12a",bible/psalms-02.html#6,See Matthew 4:23,bible/matthew-04.html#22,,,"Matthew 4:12-17, 23-25",bible/matthew-04.html#11
2026-01-06,Tuesday after Epiphany,213,White,1 John 4:7-10,bible/1-john-04.html#6,"Psalm 72:1-2, 3-4, 7-8",bible/psalms-72.html,Luke 4:18,bible/luke-04.html#17,,,Mark 6:34-44,bible/mark-06.html#33
2026-01-07,Wednesday after Epiphany,214,White,1 John 4:11-18,bible/1-john-04.html#10,"Psalm 72:1-2, 10, 12-13",bible/psalms-72.html,1 Timothy 3:16,bible/1-timothy-03.html#15,,,Mark 6:45-52,bible/mark-06.html#44
2026-01-08,Thursday after Epiphany,215,White,1 John 4:19–5:4,bible/1-john-04.html#18,"Psalm 72:1-2, 14 and 15bc, 17",bible/psalms-72.html,Luke 4:18,bible/luke-04.html#17,,,Luke 4:14-22,bible/luke-04.html#13
2026-01-09,Friday after Epiphany,216,White,1 John 5:5-13,bible/1-john-05.html#4,"Psalm 147:12-13, 14-15, 19-20",bible/psalms-147.html#11,See Matthew 4:23,bible/matthew-04.html#22,,,Luke 5:12-16,bible/luke-05.html#11
2026-01-10,Saturday after Epiphany,217,White,1 John 5:14-21,bible/1-john-05.html#13,"Psalm 149:1-2, 3-4, 5-6a and 9b",bible/psalms-149.html,Matthew 4:16,bible/matthew-04.html#15,,,John 3:22-30,bible/john-03.html#21
2026-01-11,The Baptism of the Lord,21,White,"Isaiah 42:1-4, 6-7",bible/isaiah-42.html,"Psalm 29:1-2, 3-4, 3, 9-10",bible/psalms-29.html,Cf. Mark 9:7,,Acts 10:34-38,bible/acts-10.html#33,Matthew 3:13-17,bible/matthew-03.html#12
2026-01-12,Monday of the First Week in Ordinary Time,305,Green,1 Samuel 1:1-8,bible/1-samuel-01.html,"Psalm 116:12-13, 14-17, 18-19",bible/psalms-116.html#11,Mark 1:15,bible/mark-01.html#14,,,Mark 1:14-20,bible/mark-01.html#13
2026-01-13,Tuesday of the First Week in Ordinary Time,306,Green,1 Samuel 1:9-20,bible/1-samuel-01.html#8,"1 Samuel 2:1, 4-5, 6-7, 8abcd",bible/1-samuel-02.html,See 1 Thessalonians 2:13,,,,Mark 1:21-28,bible/mark-01.html#20
2026-01-14,Wednesday of the First Week in Ordinary Time,307,Green,"1 Samuel 3:1-10, 19-20",bible/1-samuel-03.html,"Psalm 40:2 and 5, 7-8a, 8b-9, 10",bible/psalms-40.html#1,John 10:27,bible/john-10.html#26,,,Mark 1:29-39,bible/mark-01.html#28
2026-01-15,Thursday of the First Week in Ordinary Time,308,Green,1 Samuel 4:1-11,bible/1-samuel-04.html,"Psalm 44:10-11, 14-15, 24-25",bible/psalms-44.html#9,See Matthew 4:23,bible/matthew-04.html#22,,,Mark 1:40-45,bible/mark-01.html#39
2026-01-16,Friday of the First Week in Ordinary Time,309,Green,"1 Samuel 8:4-7, 10-22a",bible/1-samuel-08.html#3,"Psalm 89:16-17, 18-19",bible/psalms-89.html#15,Luke 7:16,bible/luke-07.html#15,,,Mark 2:1-12,bible/mark-02.html
2026-01-17,"Memorial of Saint Anthony, Abbot",310,White,"1 Samuel 9:1-4, 17-19; 10:1",bible/1-samuel-09.html,"Psalm 21:2-3, 4-5, 6-7",bible/psalms-21.html#1,Luke 4:18,bible/luke-04.html#17,,,Mark 2:13-17,bible/mark-02.html#12
2026-01-18,Second Sunday in Ordinary Time,64,Green,"Isaiah 49:3, 5-6",bible/isaiah-49.html#2,"Psalm 40:2, 4, 7-8, 8-9, 10",bible/psalms-40.html#1,"John 1:14a, 12a",bible/john-01.html#13,1 Corinthians 1:1-3,bible/1-corinthians-01.html,John 1:29-34,bible/john-01.html#28
2026-01-19,Monday of the Second Week in Ordinary Time,311,Green,1 Samuel 15:16-23,bible/1-samuel-15.html#15,"Psalm 50:8-9, 16bc-17, 21 and 23",bible/psalms-50.html#7,Hebrews 4:12,bible/hebrews-04.html#11,,,Mark 2:18-22,bible/mark-02.html#17
2026-01-20,Tuesday of the Second Week in Ordinary Time,312,Green,1 Samuel 16:1-13,bible/1-samuel-16.html,"Psalm 89:20, 21-22, 27-28",bible/psalms-89.html#19,See Ephesians 1:17-18,bible/ephesians-01.html#16,,,Mark 2:23-28,bible/mark-02.html#22
2026-01-21,"Memorial of Saint Agnes, Virgin and Martyr",313,Red,"1 Samuel 17:32-33, 37, 40-51",bible/1-samuel-17.html#31,"Psalm 144:1b, 2, 9-10",bible/psalms-144.html,See Matthew 4:23,bible/matthew-04.html#22,,,Mark 3:1-6,bible/mark-03.html
2026-01-22,Day of Prayer for the Legal Protection of Unborn Children,314,Green,1 Samuel 18:6-9; 19:1-7,bible/1-samuel-18.html#5,"Psalm 56:2-3, 9-10a, 10b-11, 12-13",bible/psalms-56.html#1,2 Timothy 1:10,bible/2-timothy-01.html#9,,,Mark 3:7-12,bible/mark-03.html#6
2026-01-23,Friday of the Second Week in Ordinary Time,315,Green,1 Samuel 24:3-21,bible/1-samuel-24.html#2,"Psalm 57:2, 3-4, 6 and 11",bible/psalms-57.html#1,2 Corinthians 5:19,bible/2-corinthians-05.html#18,,,Mark 3:13-19,bible/mark-03.html#12
2026-01-24,"Memorial of Saint Francis de Sales, Bishop and Doctor of the Church",316,White,"2 Samuel 1:1-4, 11-12, 19, 23-27",bible/2-samuel-01.html,"Psalm 80:2-3, 5-7",bible/psalms-80.html#1,See Acts 16:14b,bible/acts-16.html#13,,,Mark 3:20-21,bible/mark-03.html#19
2026-01-25,Third Sunday in Ordinary Time,67,White,Isaiah 8:23—9:3,bible/isaiah-08.html#22,"Psalm 27:1, 4, 13-14",bible/psalms-27.html,Matthew 4:23,bible/matthew-04.html#22,"1 Corinthians 1:10-13, 17",bible/1-corinthians-01.html#9,Matthew 4:12-23 or 4:12-17,bible/matthew-04.html#11
2026-01-26,"Memorial of Saints Timothy and Titus, Bishops",520,White,2 Timothy 1:1-8,bible/2-timothy-01.html,"Psalm 96:1-2a, 2b-3, 7-8a, 10",bible/psalms-96.html,See 2 Timothy 1:10,,,,Mark 3:22-30,bible/mark-03.html#21
2026-01-27,Tuesday of the Third Week in Ordinary Time,318,Green,"2 Samuel 6:12b-15, 17-19",bible/2-samuel-06.html#11,"Psalm 24:7, 8, 9, 10",bible/psalms-24.html#6,See Matthew 11:25,bible/matthew-11.html#24,,,Mark 3:31-35,bible/mark-03.html#30
2026-01-28,"Memorial of Saint Thomas Aquinas, Priest and Doctor of the Church",319,White,2 Samuel 7:4-17,bible/2-samuel-07.html#3,"Psalm 89:4-5, 27-28, 29-30",bible/psalms-89.html#3,,,,,Mark 4:1-20,bible/mark-04.html
2026-01-29,Thursday of the Third Week in Ordinary Time,320,Green,"2 Samuel 7:18-19, 24-29",bible/2-samuel-07.html#17,"Psalm 132:1-2, 3-5, 11, 12, 13-14",bible/psalms-132.html,Psalm 119:105,bible/psalms-119.html#104,,,Mark 4:21-25,bible/mark-04.html#20
2026-01-30,Friday of the Third Week of Ordinary Time,321,Green,"2 Samuel 11:1-4a, 5-10a, 13-17",bible/2-samuel-11.html,"Psalm 51:3-4, 5-6a, 6bcd-7, 10-11",bible/psalms-51.html#2,Matthew 11:25,bible/matthew-11.html#24,,,Mark 4:26-34,bible/mark-04.html#25
2026-01-31,"Memorial of Saint John Bosco, Priest",322,White,"2 Samuel 12:1-7a, 10-17",bible/2-samuel-12.html,"Psalm 51:12-13, 14-15, 16-17",bible/psalms-51.html#11,John 3:16,bible/john-03.html#15,,,Mark 4:35-41,bible/mark-04.html#34
2026-02-01,Fourth Sunday in Ordinary Time,70,Green,Zephaniah 2:3; 3:12-13,bible/zephaniah-02.html#2,"Psalm 146:6-7, 8-9, 9-10",bible/psalms-146.html#5,Matthew 5:12a,bible/matthew-05.html#11,1 Corinthians 1:26-31,bible/1-corinthians-01.html#25,Matthew 5:1-12a,bible/matthew-05.html
2026-02-02,Feast of the Presentation of the Lord,524,White,Malachi 3:1-4,bible/malachi-03.html,"Psalm 24:7, 8, 9, 10",bible/psalms-24.html#6,Luke 2:32,bible/luke-02.html#31,Hebrews 2:14-18,bible/hebrews-02.html#13,Luke 2:22-40 or 2:22-32,bible/luke-02.html#21
2026-02-03,Tuesday of the Fourth Week in Ordinary Time,324,Green,"2 Samuel 18:9-10, 14b, 24-25a, 30–19:3",bible/2-samuel-18.html#8,"Psalm 86:1-2, 3-4, 5-6",bible/psalms-86.html,Matthew 8:17,bible/matthew-08.html#16,,,Mark 5:21-43,bible/mark-05.html#20
2026-02-04,Wednesday of the Fourth Week in Ordinary Time,325,Green,"2 Samuel 24:2, 9-17",bible/2-samuel-24.html#1,"Psalm 32:1-2, 5, 6, 7",bible/psalms-32.html,John 10:27,bible/john-10.html#26,,,Mark 6:1-6,bible/mark-06.html
2026-02-05,"Memorial of Saint Agatha, Virgin and Martyr",326,Red,"1 Kings 2:1-4, 10-12",bible/1-kings-02.html,"1 Chronicles 29:10, 11ab, 11d-12a, 12bcd",bible/1-chronicles-29.html#9,Mark 1:15,bible/mark-01.html#14,,,Mark 6:7-13,bible/mark-06.html#6
2026-02-06,"Memorial of Saint Paul Miki and Companions, Martyrs",327,Red,Sirach 47:2-11,bible/sirach-47.html#1,"Psalm 18:31, 47 and 50, 51",bible/psalms-18.html#30,See Luke 8:15,bible/luke-08.html#14,,,Mark 6:14-29,bible/mark-06.html#13
2026-02-07,Saturday of the Fourth Week in Ordinary Time,328,Green,1 Kings 3:4-13,bible/1-kings-03.html#3,"Psalm 119:9, 10, 11, 12, 13, 14",bible/psalms-119.html#8,John 10:27,bible/john-10.html#26,,,Mark 6:30-34,bible/mark-06.html#29
2026-02-08,Fifth Sunday in Ordinary Time,73,Green,Isaiah 58:7-10,bible/isaiah-58.html#6,"Psalm 112:4-5, 6-7, 8-9",bible/psalms-112.html#3,John 8:12,bible/john-08.html#11,1 Corinthians 2:1-5,bible/1-corinthians-02.html,Matthew 5:13-16,bible/matthew-05.html#12
2026-02-09,Monday of the Fifth Week in Ordinary Time,329,Green,"1 Kings 8:1-7, 9-13",bible/1-kings-08.html,"Psalm 132:6-7, 8-10",bible/psalms-132.html#5,See Matthew 4:23,bible/matthew-04.html#22,,,Mark 6:53-56,bible/mark-06.html#52
2026-02-10,"Memorial of Saint Scholastica, Virgin",330,White,"1 Kings 8:22-23, 27-30",bible/1-kings-08.html#21,"Psalm 84:3, 4, 5 and 10, 11",bible/psalms-84.html#2,"Psalm 119:36, 29b",bible/psalms-119.html#35,,,Mark 7:1-13,bible/mark-07.html
2026-02-11,Wednesday of the Fifth Week in Ordinary Time,331,Green,1 Kings 10:1-10,bible/1-kings-10.html,"Psalm 37:5-6, 30-31, 39-40",bible/psalms-37.html#4,"See John 17:17b, 17a",bible/john-17.html#16,,,Mark 7:14-23,bible/mark-07.html#13
2026-02-12,Thursday of the Fifth Week in Ordinary Time,332,Green,1 Kings 11:4-13,bible/1-kings-11.html#3,"Psalm 106:3-4, 35-36, 37 and 40",bible/psalms-106.html#2,James 1:21bc,bible/james-01.html#20,,,Mark 7:24-30,bible/mark-07.html#23
2026-02-13,Friday of the Fifth Week in Ordinary Time,333,Green,1 Kings 11:29-32; 12:19,bible/1-kings-11.html#28,"Psalm 81:10-11ab, 12-13, 14-15",bible/psalms-81.html#9,See Acts 16:14b,bible/acts-16.html#13,,,Mark 7:31-37,bible/mark-07.html#30
2026-02-14,"Memorial of Saints Cyril, Monk, and Methodius, Bishop",334,White,1 Kings 12:26-32; 13:33-34,bible/1-kings-12.html#25,"Psalm 106:6-7ab, 19-20, 21-22",bible/psalms-106.html#5,Matthew 4:4b,bible/matthew-04.html#3,,,Mark 8:1-10,bible/mark-08.html
2026-02-15,Sixth Sunday in Ordinary Time,76,Green,Sirach 15:15-20,bible/sirach-15.html#14,"Psalm 119:1-2, 4-5, 17-18, 33-34",bible/psalms-119.html,cf. Matthew 11:25,,1 Corinthians 2:6-10,bible/1-corinthians-02.html#5,Matthew 5:17-37,bible/matthew-05.html#16
2026-02-16,Monday of the Sixth Week in Ordinary Time,335,Green,James 1:1-11,bible/james-01.html,"Psalm 119:67, 68, 71, 72, 75, 76",bible/psalms-119.html#66,John 14:6,bible/john-14.html#5,,,Mark 8:11-13,bible/mark-08.html#10
2026-02-17,Tuesday of the Sixth Week in Ordinary Time,336,Green,James 1:12-18,bible/james-01.html#11,"Psalm 94:12-13a, 14-15, 18-19",bible/psalms-94.html#11,John 14:23,bible/john-14.html#22,,,Mark 8:14-21,bible/mark-08.html#13
2026-02-18,Ash Wednesday,219,Violet,Joel 2:12-18,bible/joel-02.html#11,"Psalm 51:3-4, 5-6ab, 12-13, 14 and 17",bible/psalms-51.html#2,Psalm 95:8,bible/psalms-95.html#7,2 Corinthians 5:20—6:2,bible/2-corinthians-05.html#19,"Matthew 6:1-6, 16-18",bible/matthew-06.html
2026-02-19,Thursday after Ash Wednesday,220,Violet,Deuteronomy 30:15-20,bible/deuteronomy-30.html#14,"Psalm 1:1-2, 3, 4 and 6",bible/psalms-01.html,Matthew 4:17,bible/matthew-04.html#16,,,Luke 9:22-25,bible/luke-09.html#21
2026-02-20,Friday after Ash Wednesday,221,Violet,Isaiah 58:1-9a,bible/isaiah-58.html,"Psalm 51:3-4, 5-6ab, 18-19",bible/psalms-51.html#2,See Amos 5:14,bible/amos-05.html#13,,,Matthew 9:14-15,bible/matthew-09.html#13
2026-02-21,Saturday after Ash Wednesday,222,Violet,Isaiah 58:9b-14,bible/isaiah-58.html#8,"Psalm 86:1-2, 3-4, 5-6",bible/psalms-86.html,Ezekiel 33:11,bible/ezekiel-33.html#10,,,Luke 5:27-32,bible/luke-05.html#26
2026-02-22,First Sunday of Lent,22,White,Genesis 2:7-9; 3:1-7,bible/genesis-02.html#6,"Psalm 51:3-4, 5-6, 12-13, 17",bible/psalms-51.html#2,Matthew 4:4b,bible/matthew-04.html#3,"Romans 5:12-19 or 5:12, 17-19",bible/romans-05.html#11,Matthew 4:1-11,bible/matthew-04.html
2026-02-23,Monday of the First Week of Lent,224,Violet,"Leviticus 19:1-2, 11-18",bible/leviticus-19.html,"Psalm 19:8, 9, 10, 15",bible/psalms-19.html#7,2 Corinthians 6:2b,bible/2-corinthians-06.html#1,,,Matthew 25:31-46,bible/matthew-25.html#30
2026-02-24,Tuesday of the First Week of Lent,225,Violet,Isaiah 55:10-11,bible/isaiah-55.html#9,"Psalm 34:4-5, 6-7, 16-17, 18-19",bible/psalms-34.html#3,Matthew 4:4b,bible/matthew-04.html#3,,,Matthew 6:7-15,bible/matthew-06.html#6
2026-02-25,Wednesday of the First Week in Lent,226,Violet,Jonah 3:1-10,bible/jonah-03.html,"Psalm 51:3-4, 12-13, 18-19",bible/psalms-51.html#2,Joel 2:12-13,bible/joel-02.html#11,,,Luke 11:29-32,bible/luke-11.html#28
2026-02-26,Thursday of the First Week in Lent,227,Violet,"Esther C:12, 14-16, 23-25",bible/esther-c.html#11,"Psalm 138:1-2ab, 2cde-3, 7c-8",bible/psalms-138.html,"Psalm 51:12a, 14a",bible/psalms-51.html#11,,,Matthew 7:7-12,bible/matthew-07.html#6
2026-02-27,Friday of the First Week of Lent,228,Violet,Ezekiel 18:21-28,bible/ezekiel-18.html#20,"Psalm 130:1-2, 3-4, 5-7a, 7bc-8",bible/psalms-130.html,Ezekiel 18:31,bible/ezekiel-18.html#30,,,Matthew 5:20-26,bible/matthew-05.html#19
2026-02-28,Saturday of the First Week of Lent,229,Violet,Deuteronomy 26:16-19,bible/deuteronomy-26.html#15,"Psalm 119:1-2, 4-5, 7-8",bible/psalms-119.html,2 Corinthians 6:2b,bible/2-corinthians-06.html#1,,,Matthew 5:43-48,bible/matthew-05.html#42
2026-03-01,Second Sunday of Lent,25,Violet,Genesis 12:1-4a,bible/genesis-12.html,"Psalm 33:4-5, 18-19, 20, 22.",bible/psalms-33.html#3,Matthew 17:5,bible/matthew-17.html#4,2 Timothy 1:8b-10,bible/2-timothy-01.html#7,Matthew 17:1-9,bible/matthew-17.html
2026-03-02,Monday of the Second Week of Lent,230,Violet,Daniel 9:4b-10,bible/daniel-09.html#3,"Psalm 79:8, 9, 11 and 13",bible/psalms-79.html#7,"See John 6:63c, 68c",bible/john-06.html#62,,,Luke 6:36-38,bible/luke-06.html#35
2026-03-03,Tuesday of the Second Week of Lent,231,Violet,"Isaiah 1:10, 16-20",bible/isaiah-01.html#9,"Psalm 50:8-9, 16bc-17, 21 and 23",bible/psalms-50.html#7,Ezekiel 18:31,bible/ezekiel-18.html#30,,,Matthew 23:1-12,bible/matthew-23.html
2026-03-04,Wednesday of the Second Week of Lent,232,Violet,Jeremiah 18:18-20,bible/jeremiah-18.html#17,"Psalm 31:5-6, 14, 15-16",bible/psalms-31.html#4,John 8:12,bible/john-08.html#11,,,Matthew 20:17-28,bible/matthew-20.html#16
2026-03-05,Thursday of the Second Week of Lent,233,Violet,Jeremiah 17:5-10,bible/jeremiah-17.html#4,"Psalm 1:1-2, 3, 4 and 6",bible/psalms-01.html,See Luke 8:15,bible/luke-08.html#14,,,Luke 16:19-31,bible/luke-16.html#18
2026-03-06,Friday of the Second Week of Lent,234,Violet,"Genesis 37:3-4, 12-13a, 17b-28a",bible/genesis-37.html#2,"Psalm 105:16-17, 18-19, 20-21",bible/psalms-105.html#15,John 3:16,bible/john-03.html#15,,,"Matthew 21:33-43, 45-46",bible/matthew-21.html#32
2026-03-07,Saturday of the Second Week of Lent,235,Violet,"Micah 7:14-15, 18-20",bible/micah-07.html#13,"Psalm 103:1-2, 3-4, 9-10, 11-12",bible/psalms-103.html,Luke 15:18,bible/luke-15.html#17,,,"Luke 15:1-3, 11-32",bible/luke-15.html
2026-03-08,Third Sunday of Lent,28,Violet,Exodus 17:3-7,bible/exodus-17.html#2,"Psalm 95:1-2, 6-7, 8-9",bible/psalms-95.html,"John 4:42, 15",bible/john-04.html#41,"Romans 5:1-2, 5-8",bible/romans-05.html,John 4:5-42,bible/john-04.html#4
2026-03-09,Monday of the Third Week of Lent,237,Violet,2 Kings 5:1-15ab,bible/2-kings-05.html,"Psalm 42:2, 3; 43:3, 4",bible/psalms-42.html#1,,,,,Luke 4:24-30,bible/luke-04.html#23
2026-03-10,Tuesday of the Third Week of Lent,238,Violet,"Daniel 3:25, 34-43",bible/daniel-03.html#24,"Psalm 25:4-5ab, 6 and 7bc, 8-9",bible/psalms-25.html#3,Joel 2:12-13,bible/joel-02.html#11,,,Matthew 18:21-35,bible/matthew-18.html#20
2026-03-11,Wednesday of the Third Week of Lent,239,Violet,"Deuteronomy 4:1, 5-9",bible/deuteronomy-04.html,"Psalm 147:12-13, 15-16, 19-20",bible/psalms-147.html#11,"See John 6:63c, 68c",bible/john-06.html#62,,,Matthew 5:17-19,bible/matthew-05.html#16
2026-03-12,Thursday of the Third Week of Lent,240,Violet,Jeremiah 7:23-28,bible/jeremiah-07.html#22,"Psalm 95:1-2, 6-7, 8-9",bible/psalms-95.html,Joel 2:12-13,bible/joel-02.html#11,,,Luke 11:14-23,bible/luke-11.html#13
2026-03-13,Friday of the Third Week of Lent,241,Violet,Hosea 14:2-10,bible/hosea-14.html#1,"Psalm 81:6c-8a, 8bc-9, 10-11ab, 14 and 17",bible/psalms-81.html#5,Matthew 4:17,bible/matthew-04.html#16,,,Mark 12:28-34,bible/mark-12.html#27
2026-03-14,Saturday of the Third Week of Lent,242,Violet,Hosea 6:1-6,bible/hosea-06.html,"Psalm 51:3-4, 18-19, 20-21ab",bible/psalms-51.html#2,Psalm 95:8,bible/psalms-95.html#7,,,Luke 18:9-14,bible/luke-18.html#8
2026-03-15,Fourth Sunday of Lent,31,Violet,"1 Samuel 16:1b, 6-7, 10-13a",bible/1-samuel-16.html,"Psalm 23: 1-3a, 3b-4, 5, 6",,John 8:12,bible/john-08.html#11,Ephesians 5:8-14,bible/ephesians-05.html#7,John 9:1-41,bible/john-09.html
2026-03-16,Monday of the Fourth Week of Lent,244,Violet,Isaiah 65:17-21,bible/isaiah-65.html#16,"Psalm 30:2 and 4, 5-6, 11-12a and 13b",bible/psalms-30.html#1,Amos 5:14,bible/amos-05.html#13,,,John 4:43-54,bible/john-04.html#42
2026-03-17,Tuesday of the Fourth Week of Lent,245,Violet,"Ezekiel 47:1-9, 12",bible/ezekiel-47.html,"Psalm 46:2-3, 5-6, 8-9",bible/psalms-46.html#1,"Psalm 51:12a, 14a",bible/psalms-51.html#11,,,John 5:1-16,bible/john-05.html
2026-03-18,Wednesday of the Fourth Week of Lent,246,Violet,Isaiah 49:8-15,bible/isaiah-49.html#7,"Psalm 145:8-9, 13cd-14, 17-18",bible/psalms-145.html#7,"John 11:25a, 26",bible/john-11.html#24,,,John 5:17-30,bible/john-05.html#16
2026-03-19,"Solemnity of Saint Joseph, Spouse of the Blessed Virgin Mary",543,White,"2 Samuel 7:4-5a, 12-14a, 16",bible/2-samuel-07.html#3,"Psalm 89:2-3, 4-5, 27 and 29",bible/psalms-89.html#1,Psalm 84:5,bible/psalms-84.html#4,"Romans 4:13, 16-18, 22",bible/romans-04.html#12,"Matthew 1:16, 18-21, 24a",bible/matthew-01.html#15
2026-03-20,Friday of the Fourth Week of Lent,248,Violet,"Wisdom 2:1a, 12-22",bible/wisdom-02.html,"Psalm 34:17-18, 19-20, 21 and 23",bible/psalms-34.html#16,Matthew 4:4b,bible/matthew-04.html#3,,,"John 7:1-2, 10, 25-30",bible/john-07.html
2026-03-21,Saturday of the Fourth Week of Lent,249,Violet,Jeremiah 11:18-20,bible/jeremiah-11.html#17,"Psalm 7:2-3, 9bc-10, 11-12",bible/psalms-07.html#1,See Luke 8:15,bible/luke-08.html#14,,,John 7:40-53,bible/john-07.html#39
2026-03-22,Fifth Sunday of Lent,34,Violet,Ezekiel 37:12-14,bible/ezekiel-37.html#11,"Psalm 130:1-2, 3-4, 5-6, 7-8",bible/psalms-130.html,"John 11:25a, 26",bible/john-11.html#24,Romans 8:8-11,bible/romans-08.html#7,John 11:1-45,bible/john-11.html
2026-03-23,Monday of the Fifth Week of Lent,251,Violet,"Daniel 13:1-9, 15-17, 19-30, 33-62 or 13:41c-62",bible/daniel-13.html,"Psalm 23:1-3a, 3b-4, 5, 6",bible/psalms-23.html,Ezekiel 33:11,bible/ezekiel-33.html#10,,,John 8:1-11,bible/john-08.html
2026-03-24,Tuesday of the Fifth Week of Lent,252,Violet,Numbers 21:4-9,bible/numbers-21.html#3,"Psalm 102:2-3, 16-18, 19-21",bible/psalms-102.html#1,,,,,John 8:21-30,bible/john-08.html#20
2026-03-25,Solemnity of the Annunciation of the Lord,545,White,Isaiah 7:10-14; 8:10,bible/isaiah-07.html#9,"Psalm 40:7-8a, 8b-9, 10, 11",bible/psalms-40.html#6,John 1:14ab,bible/john-01.html#13,Hebrews 10:4-10,bible/hebrews-10.html#3,Luke 1:26-38,bible/luke-01.html#25
2026-03-26,Thursday of the Fifth Week of Lent,254,Violet,Genesis 17:3-9,bible/genesis-17.html#2,"Psalm 105:4-5, 6-7, 8-9",bible/psalms-105.html#3,Psalm 95:8,bible/psalms-95.html#7,,,John 8:51-59,bible/john-08.html#50
2026-03-27,Friday of the Fifth Week of Lent,255,Violet,Jeremiah 20:10-13,bible/jeremiah-20.html#9,"Psalm 18:2-3a, 3bc-4, 5-6, 7",bible/psalms-18.html#1,"John 6:63c, 68c",bible/john-06.html#62,,,John 10:31-42,bible/john-10.html#30
2026-03-28,Saturday of the Fifth Week of Lent,256,Violet,Ezekiel 37:21-28,bible/ezekiel-37.html#20,"Jeremiah 31:10, 11-12abcd, 13",bible/jeremiah-31.html#9,Ezekiel 18:31,bible/ezekiel-18.html#30,,,John 11:45-56,bible/john-11.html#44
2026-03-29,Palm Sunday of the Lord's Passion,37,Red,Isaiah 50:4-7,bible/isaiah-50.html#3,"Psalm 22:8-9, 17-18, 19-20, 23-24",bible/psalms-22.html#7,Philippians 2:8-9,bible/philippians-02.html#7,Philippians 2:6-11,bible/philippians-02.html#5,Matthew 21:1-11,bible/matthew-21.html
2026-03-30,Monday of Holy Week,257,Violet,Isaiah 42:1-7,bible/isaiah-42.html,"Psalm 27:1, 2, 3, 13-14",bible/psalms-27.html,,,,,John 12:1-11,bible/john-12.html
2026-03-31,Tuesday of Holy Week,258,Violet,Isaiah 49:1-6,bible/isaiah-49.html,"Psalm 71:1-2, 3-4a, 5ab-6ab, 15 and 17",bible/psalms-71.html,,,,,"John 13:21-33, 36-38",bible/john-13.html#20
2026-04-01,Wednesday of Holy Week,259,Violet,Isaiah 50:4-9a,bible/isaiah-50.html#3,"Psalm 69:8-10, 21-22, 31 and 33-34",bible/psalms-69.html#7,,,,,Matthew 26:14-25,bible/matthew-26.html#13
2026-04-02,Thursday of Holy Week,260,Green,,,,,,,,,,
2026-04-03,Good Friday of the Lord’s Passion,40,Red,Isaiah 52:13—53:12,bible/isaiah-52.html#12,"Psalm 31:2, 6, 12-13, 15-16, 17, 25",bible/psalms-31.html#1,Philippians 2:8-9,bible/philippians-02.html#7,Hebrews 4:14-16; 5:7-9,bible/hebrews-04.html#13,John 18:1—19:42,bible/john-18.html
2026-04-04,Holy Saturday At the Easter Vigil in the Holy Night of Easter,41,Green,Genesis 1:1—2:2,bible/genesis-01.html,"Psalm 104:1-2, 5-6, 10, 12, 13-14, 24, 35",bible/psalms-104.html,,,Genesis 22:1-18,bible/genesis-22.html,Matthew 28:1-10,bible/matthew-28.html
2026-04-05,The Resurrection of the Lord,42,White,"Acts 10:34a, 37-43",bible/acts-10.html#33,"Psalm 118:1-2, 16-17, 22-23",bible/psalms-118.html,cf. 1 Corinthians 5:7,,Colossians 3:1-4,bible/colossians-03.html,John 20:1-9,bible/john-20.html
2026-04-06,Monday in the Octave of Easter,261,White,"Acts 2:14, 22-33",bible/acts-02.html#13,"Psalm 16:1-2a and 5, 7-8, 9-10, 11",bible/psalms-16.html,Psalm 118:24,bible/psalms-118.html#23,,,Matthew 28:8-15,bible/matthew-28.html#7
2026-04-07,Tuesday in the Octave of Easter,262,White,Acts 2:36-41,bible/acts-02.html#35,"Psalm 33:4-5, 18-19, 20 and 22",bible/psalms-33.html#3,Psalm 118:24,bible/psalms-118.html#23,,,John 20:11-18,bible/john-20.html#10
2026-04-08,Wednesday in the Octave of Easter,263,White,Acts 3:1-10,bible/acts-03.html,"Psalm 105:1-2, 3-4, 6-7, 8-9",bible/psalms-105.html,Psalm 118:24,bible/psalms-118.html#23,,,Luke 24:13-35,bible/luke-24.html#12
2026-04-09,Thursday in the Octave of Easter,264,White,Acts 3:11-26,bible/acts-03.html#10,"Psalm 8:2ab and 5, 6-7, 8-9",bible/psalms-08.html#1,Psalm 118:24,bible/psalms-118.html#23,,,Luke 24:35-48,bible/luke-24.html#34
2026-04-10,Friday in the Octave of Easter,265,White,Acts 4:1-12,bible/acts-04.html,"Psalm 118:1-2 and 4, 22-24, 25-27a",bible/psalms-118.html,Psalm 118:24,bible/psalms-118.html#23,,,John 21:1-14,bible/john-21.html
2026-04-11,Saturday in the Octave of Easter,266,White,Acts 4:13-21,bible/acts-04.html#12,"Psalm 118:1 and 14-15ab, 16-18, 19-21",bible/psalms-118.html,Psalm 118:24,bible/psalms-118.html#23,,,Mark 16:9-15,bible/mark-16.html#8
2026-04-12,Second Sunday of Easter (or Sunday of Divine Mercy),43,White,Acts 2:42-47,bible/acts-02.html#41,"Psalm 118:2-4, 13-15, 22-24",bible/psalms-118.html#1,John 20:29,bible/john-20.html#28,1 Peter 1:3-9,bible/1-peter-01.html#2,John 20:19-31,bible/john-20.html#18
2026-04-13,Monday of the Second Week of Easter,267,White,Acts 4:23-31,bible/acts-04.html#22,"Psalm 2:1-3, 4-7a, 7b-9",bible/psalms-02.html,Colossians 3:1,bible/colossians-03.html,,,John 3:1-8,bible/john-03.html
2026-04-14,Tuesday of the Second Week of Easter,268,White,Acts 4:32-37,bible/acts-04.html#31,"Psalm 93:1ab, 1cd-2, 5",bible/psalms-93.html,John 3:14-15,bible/john-03.html#13,,,John 3:7b-15,bible/john-03.html#6
2026-04-15,Wednesday of the Second Week of Easter,269,White,Acts 5:17-26,bible/acts-05.html#16,"Psalm 34:2-3, 4-5, 6-7, 8-9",bible/psalms-34.html#1,John 3:16,bible/john-03.html#15,,,John 3:16-21,bible/john-03.html#15
2026-04-16,Thursday of the Second Week of Easter,270,White,Acts 5:27-33,bible/acts-05.html#26,"Psalm 34:2 and 9, 17-18, 19-20",bible/psalms-34.html#1,John 20:29,bible/john-20.html#28,,,John 3:31-36,bible/john-03.html#30
2026-04-17,Friday of the Second Week of Easter,271,White,Acts 5:34-42,bible/acts-05.html#33,"Psalm 27:1, 4, 13-14",bible/psalms-27.html,Matthew 4:4b,bible/matthew-04.html#3,,,John 6:1-15,bible/john-06.html
2026-04-18,Saturday of the Second Week of Easter,272,White,Acts 6:1-7,bible/acts-06.html,"Psalm 33:1-2, 4-5, 18-19",bible/psalms-33.html,,,,,John 6:16-21,bible/john-06.html#15
2026-04-19,Third Sunday of Easter,46,White,"Acts 2:14, 22-33",bible/acts-02.html#13,"Psalm 16:1-2, 5, 7-8, 9-10, 11",bible/psalms-16.html,Cf. Luke 24:32,,1 Peter 1:17-21,bible/1-peter-01.html#16,Luke 24:13-35,bible/luke-24.html#12
2026-04-20,Monday of the Third Week of Easter,273,White,Acts 6:8-15,bible/acts-06.html#7,"Psalm 119:23-24, 26-27, 29-30",bible/psalms-119.html#22,Matthew 4:4b,bible/matthew-04.html#3,,,John 6:22-29,bible/john-06.html#21
2026-04-21,Tuesday of the Third Week of Easter,274,White,Acts 7:51—8:1a,bible/acts-07.html#50,"Psalm 31:3cd-4, 6 and 7b and 8a, 17 and 21ab",bible/psalms-31.html#2,John 6:35ab,bible/john-06.html#34,,,John 6:30-35,bible/john-06.html#29
2026-04-22,Wednesday of the Third Week of Easter,275,White,Acts 8:1b-8,bible/acts-08.html,"Psalm 66:1-3a, 4-5, 6-7a",bible/psalms-66.html,See John 6:40,bible/john-06.html#39,,,John 6:35-40,bible/john-06.html#34
2026-04-23,Thursday of the Third Week of Easter,276,White,Acts 8:26-40,bible/acts-08.html#25,"Psalm 66:8-9, 16-17, 20",bible/psalms-66.html#7,John 6:51,bible/john-06.html#50,,,John 6:44-51,bible/john-06.html#43
2026-04-24,Friday of the Third Week of Easter,277,White,Acts 9:1-20,bible/acts-09.html,"Psalm 117:1bc, 2",bible/psalms-117.html,John 6:56,bible/john-06.html#55,,,John 6:52-59,bible/john-06.html#51
2026-04-25,"Feast of Saint Mark, evangelist",555,White,1 Peter 5:5b-14,bible/1-peter-05.html#4,"Psalm 89:2-3, 6-7, 16-17",bible/psalms-89.html#1,1 Corinthians 1:23a-24b,bible/1-corinthians-01.html#22,,,Mark 16:15-20,bible/mark-16.html#14
2026-04-26,Fourth Sunday of Easter,49,White,"Acts 2:14a, 36-41",bible/acts-02#13.html,"Psalm 23: 1-3a, 3b4, 5, 6",bible/psalms-23.html,,,1 Peter 2:20b-25,bible/1-peter-02.html#19,John 10:1-10,bible/john-10.html
2026-04-27,Monday of the Fourth Week of Easter,279,White,Acts 11:1-18,bible/acts-11.html,"Psalm 42:2-3; 43:3, 4",bible/psalms-42.html#1,John 10:14,bible/john-10.html#13,,,John 10:11-18,bible/john-10.html#10
2026-04-28,Tuesday of the Fourth Week of Easter,280,White,Acts 11:19-26,bible/acts-11.html#18,"Psalm 87:1b-3, 4-5, 6-7",bible/psalms-87.html,John 10:27,bible/john-10.html#26,,,John 10:22-30,bible/john-10.html#21
2026-04-29,"Memorial of Saint Catherine of Siena, Virgin and Doctor of the Church",281,White,Acts 12:24—13:5a,bible/acts-12.html#23,"Psalm 67:2-3, 5, 6 and 8",bible/psalms-67.html#1,John 8:12,bible/john-08.html#11,,,John 12:44-50,bible/john-12.html#43
2026-04-30,Thursday of the Fourth Week of Easter,282,White,Acts 13:13-25,bible/acts-13.html#12,"Psalm 89:2-3, 21-22, 25 and 27",bible/psalms-89.html#1,See Revelation 1:5ab,bible/revelation-01.html#4,,,John 13:16-20,bible/john-13.html#15
2026-05-01,Friday of the Fourth Week of Easter,283,White,Acts 13:26-33,bible/acts-13.html#25,"Psalm 2:6-7, 8-9, 10-11ab",bible/psalms-02.html#5,John 14:6,bible/john-14.html#5,,,John 14:1-6,bible/john-14.html
2026-05-02,"Memorial of Saint Athanasius, Bishop and Doctor of the Church",284,White,Acts 13:44-52,bible/acts-13.html#43,"Psalm 98:1, 2-3ab, 3cd-4",bible/psalms-98.html,John 8:31b-32,bible/john-08.html#30,,,John 14:7-14,bible/john-14.html#6
2026-05-03,Fifth Sunday of Easter,52,White,Acts 6:1-7,bible/acts-06.html,"Psalm 33:1-2, 4-5, 18-19",bible/psalms-33.html,John 14:6,bible/john-14.html#5,1 Peter 2:4-9,bible/1-peter-02.html#3,John 14:1-12,bible/john-14.html
2026-05-04,Monday of the Fifth Week of Easter,285,White,Acts 14:5-18,bible/acts-14.html#4,"Psalm 115:1-2, 3-4, 15-16",bible/psalms-115.html,John 14:26,bible/john-14.html#25,,,John 14:21-26,bible/john-14.html#20
2026-05-05,Tuesday of Fifth Week of Easter,286,White,Acts 14:19-28,bible/acts-14.html#18,"Psalm 145:10-11, 12-13ab, 21",bible/psalms-145.html#9,"See Luke 24:46, 26",bible/luke-24.html#45,,,John 14:27-31a,bible/john-14.html#26
2026-05-06,Wednesday of the Fifth Week of Easter,287,White,Acts 15:1-6,bible/acts-15.html,"Psalm 122:1-2, 3-4ab, 4cd-5",bible/psalms-122.html,"John 15:4a, 5b",bible/john-15.html#3,,,John 15:1-8,bible/john-15.html
2026-05-07,Thursday of the Fifth Week of Easter,288,White,Acts 15:7-21,bible/acts-15.html#6,"Psalm 96:1-2a, 2b-3, 10",bible/psalms-96.html,John 10:27,bible/john-10.html#26,,,John 15:9-11,bible/john-15.html#8
2026-05-08,Friday of the Fifth Week of Easter,289,White,Acts 15:22-31,bible/acts-15.html#21,"Psalm 57:8-9, 10 and 12",bible/psalms-57.html#7,John 15:15b,bible/john-15.html#14,,,John 15:12-17,bible/john-15.html#11
2026-05-09,Saturday of the Fifth Week of Easter,290,White,Acts 16:1-10,bible/acts-16.html,"Psalm 100:1b-2, 3, 5",bible/psalms-100.html,Colossians 3:1,bible/colossians-03.html,,,John 15:18-21,bible/john-15.html#17
2026-05-10,Sixth Sunday of Easter,55,White,"Acts 8:5-8, 14-17",bible/acts-08.html#4,"Psalm 66:1-3, 4-5, 6-7, 16, 20",bible/psalms-66.html,John 14:23,bible/john-14.html#22,1 Peter 3:15-18,bible/1-peter-03.html#14,John 14:15-21,bible/john-14.html#14
2026-05-11,Monday of the Sixth Week of Easter,291,White,Acts 16:11-15,bible/acts-16.html#10,"Psalm 149:1b-2, 3-4, 5-6a and 9b",bible/psalms-149.html,"John 15:26b, 27a",bible/john-15.html#25,,,John 15:26—16:4a,bible/john-15.html#25
2026-05-12,Tuesday of the Sixth Week of Easter,292,White,Acts 16:22-34,bible/acts-16.html#21,"Psalm 138:1-2ab, 2cde-3, 7c-8",bible/psalms-138.html,"See John 16:7, 13",bible/john-16.html#6,,,John 16:5-11,bible/john-16.html#4
2026-05-13,Wednesday of the Sixth Week of Easter,293,White,"Acts 17:15, 22—18:1",bible/acts-17.html#14,"Psalm 148:1-2, 11-12, 13, 14",bible/psalms-148.html,John 14:16,bible/john-14.html#15,,,John 16:12-15,bible/john-16.html#11
2026-05-14,"Feast of Saint Matthias, Apostle",564,Red,"Acts 1:15-17, 20-26",bible/acts-01.html#14,"Psalm 113:1-2, 3-4, 5-6, 7-8",bible/psalms-113.html,See John 15:16,bible/john-15.html#15,,,John 15:9-17,bible/john-15.html#8
2026-05-15,Friday of the Sixth Week of Easter,295,White,Acts 18:9-18,bible/acts-18.html#8,"Psalm 47:2-3, 4-5, 6-7",bible/psalms-47.html#1,"See Luke 24:46, 26",bible/luke-24.html#45,,,John 16:20-23,bible/john-16.html#19
2026-05-16,Saturday of the Sixth Week of Easter,296,White,Acts 18:23-28,bible/acts-18.html#22,"Psalm 47:2-3, 8-9, 10",bible/psalms-47.html#1,John 16:28,bible/john-16.html#27,,,John 16:23b-28,bible/john-16.html#22
2026-05-17,The Ascension of the Lord,58,White,Acts 1:1-11,bible/acts-01.html,"Psalm 47:2-3, 6-7, 8-9",bible/psalms-47.html#1,"Matthew 28:19a, 20b",bible/matthew-28.html#18,Ephesians 1:17-23,bible/ephesians-01.html#16,Matthew 28:16-20,bible/matthew-28.html#15
2026-05-18,Monday of the Seventh Week of Easter,297,White,Acts 19:1-8,bible/acts-19.html,"Psalm 68:2-3ab, 4-5acd, 6-7ab",bible/psalms-68.html#1,Colossians 3:1,bible/colossians-03.html,,,John 16:29-33,bible/john-16.html#28
2026-05-19,Tuesday of the Seventh Week of Easter,298,White,Acts 20:17-27,bible/acts-20.html#16,"Psalm 68:10-11, 20-21",bible/psalms-68.html#9,John 14:16,bible/john-14.html#15,,,John 17:1-11a,bible/john-17.html
2026-05-20,Wednesday of the Seventh Week of Easter,299,White,Acts 20:28-38,bible/acts-20.html#27,"Psalm 68:29-30, 33-35a, 35bc-36ab",bible/psalms-68.html#28,"John 17:17b, 17a",bible/john-17.html#16,,,John 17:11b-19,bible/john-17.html#10
2026-05-21,Thursday of the Seventh Week of Easter,300,White,Acts 22:30; 23:6-11,bible/acts-22.html#29,"Psalm 16:1-2a and 5, 7-8, 9-10, 11",bible/psalms-16.html,John 17:21,bible/john-17.html#20,,,John 17:20-26,bible/john-17.html#19
2026-05-22,Friday of the Seventh Week of Easter,301,White,Acts 25:13b-21,bible/acts-25.html#12,"Psalm 103:1-2, 11-12, 19-20ab",bible/psalms-103.html,John 14:26,bible/john-14.html#25,,,John 21:15-19,bible/john-21.html#14
2026-05-23,Saturday of the Seventh Week of Easter - Mass in the Morning,302,White,"Acts 28:16-20, 30-31",bible/acts-28.html#15,"Psalm 11:4, 5 and 7",bible/psalms-11.html#3,"John 16:7, 13",bible/john-16.html#6,,,John 21:20-25,bible/john-21.html#19
2026-05-24,Pentecost Sunday - Mass during the Day,63,Red,Acts 2:1-11,bible/acts-02.html,"Psalm 104:1, 24, 29-30, 31, 34",bible/psalms-104.html,,,"1 Corinthians 12:3b-7, 12-13",bible/1-corinthians-12.html#2,John 20:19-23,bible/john-20.html#18
2026-05-25,"Memorial of the Blessed Virgin Mary, Mother of the Church",572,White,"Genesis 3:9-15, 20",bible/genesis-03.html#8,"Psalm 87:1-2, 3 and 5, 6-7",bible/psalms-87.html,,,,,John 19:25-34,bible/john-19.html#24
2026-05-26,"Memorial of Saint Philip Neri, Priest",348,White,1 Peter 1:10-16,bible/1-peter-01.html#9,"Psalm 98:1, 2-3ab, 3cd-4",bible/psalms-98.html,See Matthew 11:25,bible/matthew-11.html#24,,,Mark 10:28-31,bible/mark-10.html#27
2026-05-27,Wednesday of the Eighth Week in Ordinary Time,349,Green,1 Peter 1:18-25,bible/1-peter-01.html#17,"Psalm 147:12-13, 14-15, 19-20",bible/psalms-147.html#11,Mark 10:45,bible/mark-10.html#44,,,Mark 10:32-45,bible/mark-10.html#31
2026-05-28,Thursday of the Eighth Week in Ordinary Time,350,Green,"1 Peter 2:2-5, 9-12",bible/1-peter-02.html#1,"Psalm 100:2, 3, 4, 5",bible/psalms-100.html#1,John 8:12,bible/john-08.html#11,,,Mark 10:46-52,bible/mark-10.html#45
2026-05-29,Friday of the Eighth Week in Ordinary Time,351,Green,1 Peter 4:7-13,bible/1-peter-04.html#6,"Psalm 96:10, 11-12, 13",bible/psalms-96.html#9,See John 15:16,bible/john-15.html#15,,,Mark 11:11-26,bible/mark-11.html#10
2026-05-30,Saturday of the Eighth Week in Ordinary Time,352,Green,"Jude 17, 20b-25",,"Psalm 63:2, 3-4, 5-6",bible/psalms-63.html#1,"See Colossians 3:16a, 17c",bible/colossians-03.html#15,,,Mark 11:27-33,bible/mark-11.html#26
2026-05-31,The Solemnity of the Most Holy Trinity,164,White,"Exodus 34:4b-6, 8-9",bible/exodus-34.html#3,"Daniel 3:52, 53, 54, 55, 56",bible/daniel-03.html#51,Cf. Revelation 1:8,,2 Corinthians 13:11-13,bible/2-corinthians-13.html#10,John 3:16-18,bible/john-03.html#15
2026-06-01,"Memorial of Saint Justin, Martyr",353,Red,2 Peter 1:2-7,bible/2-peter-01.html#1,"Psalm 91:1-2, 14-15b, 15c-16",bible/psalms-91.html,See Revelation 1:5ab,bible/revelation-01.html#4,,,Mark 12:1-12,bible/mark-12.html
2026-06-02,Tuesday of the Ninth Week in Ordinary Time,354,Green,"2 Peter 3:12-15a, 17-18",bible/2-peter-03.html#11,,,Ephesians 1:17-18,bible/ephesians-01.html#16,,,Mark 12:13-17,bible/mark-12.html#12
2026-06-03,"Memorial of Saint Charles Lwanga and Companions, Martyrs",355,Red,"2 Timothy 1:1-3, 6-12",bible/2-timothy-01.html,"Psalm 123:1b-2ab, 2cdef",bible/psalms-123.html,"John 11:25a, 26",bible/john-11.html#24,,,Mark 12:18-27,bible/mark-12.html#17
2026-06-04,Thursday of the Ninth Week in Ordinary Time,356,Green,2 Timothy 2:8-15,bible/2-timothy-02.html#7,"Psalm 25:4-5ab, 8-9, 10 and 14",bible/psalms-25.html#3,See 2 Timothy 1:10,,,,Mark 12:28-34,bible/mark-12.html#27
2026-06-05,"Memorial of Saint Boniface, Bishop and Martyr",357,Red,2 Timothy 3:10-17,bible/2-timothy-03.html#9,"Psalm 119:157, 160, 161, 165, 166, 168",bible/psalms-119.html#156,John 14:23,bible/john-14.html#22,,,Mark 12:35-37,bible/mark-12.html#34
2026-06-06,Saturday of the Ninth Week in Ordinary Time,358,Green,2 Timothy 4:1-8,bible/2-timothy-04.html,"Psalm 71:8-9, 14-15AB, 16-17, 22",bible/psalms-71.html#7,Matthew 5:3,bible/matthew-05.html#2,,,Mark 12:38-44,bible/mark-12.html#37
2026-06-07,The Solemnity of the Most Holy Body and Blood of Christ,167,White,"Deuteronomy 8:2-3, 14b-16a",bible/deuteronomy-08.html#1,"Psalm 147:12-13, 14-15, 19-20",bible/psalms-147.html#11,John 6:51,bible/john-06.html#50,1 Corinthians 10:16-17,bible/1-corinthians-10.html#15,John 6:51-58,bible/john-06.html#50
2026-06-08,Monday of the Tenth Week in Ordinary Time,359,Green,1 Kings 17:1-6,bible/1-kings-17.html,"Psalm 121:1bc-2, 3-4, 5-6, 7-8",bible/psalms-121.html,Matthew 5:12a,bible/matthew-05.html#11,,,Matthew 5:1-12,bible/matthew-05.html
2026-06-09,Tuesday of the Tenth Week in Ordinary Time,360,Green,1 Kings 17:7-16,bible/1-kings-17.html#6,"Psalm 4:2-3, 4-5, 7b-8",bible/psalms-04.html#1,Matthew 5:16,bible/matthew-05.html#15,,,Matthew 5:13-16,bible/matthew-05.html#12
2026-06-10,Wednesday of the Tenth Week in Ordinary Time,361,Green,1 Kings 18:20-39,bible/1-kings-18.html#19,"Psalm 16:1b-2ab, 4, 5ab and 8, 11",bible/psalms-16.html,"Psalm 25:4b, 5a",bible/psalms-25.html#3,,,Matthew 5:17-19,bible/matthew-05.html#16
2026-06-11,"Memorial of Saint Barnabas, Apostle",580,Red,Acts 11:21b-26; 13:1-3,bible/acts-11.html#20,"Psalm 98:1, 2-3ab, 3cd-4, 5-6",bible/psalms-98.html,John 13:34,bible/john-13.html#33,,,Matthew 5:20-26,bible/matthew-05.html#19
2026-06-12,Solemnity of the Most Sacred Heart of Jesus,170,White,Deuteronomy 7:6-11,bible/deuteronomy-07.html#5,"Psalm 103:1-2, 3-4, 6-7, 8, 10",bible/psalms-103.html,Matthew 11:29ab,bible/matthew-11.html#28,1 John 4:7-16,bible/1-john-04.html#6,Matthew 11:25-30,bible/matthew-11.html#24
2026-06-13,Saturday of the Tenth Week in Ordinary Time,364,Green,1 Kings 19:19-21,bible/1-kings-19.html#18,"Psalm 16:1b-2a and 5, 7-8, 9-10",bible/psalms-16.html,"Psalm 119:36a, 29b",bible/psalms-119.html#35,,,Matthew 5:33-37,bible/matthew-05.html#32
2026-06-14,Eleventh Sunday in Ordinary Time,91,Green,Exodus 19:2-6a,bible/exodus-19.html#1,"Psalm 100:1-2, 3, 5",bible/psalms-100.html,Mark 1:15,bible/mark-01.html#14,Romans 5:6-11,bible/romans-05.html#5,Matthew 9:36—10:8,bible/matthew-09.html#35
2026-06-15,Monday of the Eleventh Week in Ordinary Time,365,Green,1 Kings 21:1-16,bible/1-kings-21.html,"Psalm 5:2-3ab, 4b-6a, 6b-7",bible/psalms-05.html#1,Psalm 119:105,bible/psalms-119.html#104,,,Matthew 5:38-42,bible/matthew-05.html#37
2026-06-16,Tuesday of the Eleventh Week in Ordinary Time,366,Green,1 Kings 21:17-29,bible/1-kings-21.html#16,"Psalm 51:3-4, 5-6ab, 11 and 16",bible/psalms-51.html#2,John 13:34,bible/john-13.html#33,,,Matthew 5:43-48,bible/matthew-05.html#42
2026-06-17,Wednesday of the Eleventh Week in Ordinary Time,367,Green,"2 Kings 2:1, 6-14",bible/2-kings-02.html,"Psalm 31:20, 21, 24",bible/psalms-31.html#19,John 14:23,bible/john-14.html#22,,,"Matthew 6:1-6, 16-18",bible/matthew-06.html
2026-06-18,Thursday of the Eleventh Week in Ordinary Time,368,Green,Sirach 48:1-14,bible/sirach-48.html,"Psalm 97:1-2, 3-4, 5-6, 7",bible/psalms-97.html,Romans 8:15bc,bible/romans-08.html#14,,,Matthew 6:7-15,bible/matthew-06.html#6
2026-06-19,Friday of the Eleventh Week in Ordinary Time,369,Green,"2 Kings 11:1-4, 9-18, 20",bible/2-kings-11.html,"Psalm 132:11, 12, 13-14, 17-18",bible/psalms-132.html#10,Matthew 5:3,bible/matthew-05.html#2,,,Matthew 6:19-23,bible/matthew-06.html#18
2026-06-20,Saturday of the Eleventh Week in Ordinary Time,370,Green,2 Chronicles 24:17-25,bible/2-chronicles-24.html#16,"Psalm 89:4-5, 29-30, 31-32, 33-34",bible/psalms-89.html#3,2 Corinthians 8:9,bible/2-corinthians-08.html#8,,,Matthew 6:24-34,bible/matthew-06.html#23
2026-06-21,Twelfth Sunday in Ordinary Time,94,Green,Jeremiah 20:10-13,bible/jeremiah-20.html#9,"Psalm 69:8-10, 14, 17, 33-35",bible/psalms-69.html#7,"John 15:26b, 27a",bible/john-15.html#25,Romans 5:12-15,bible/romans-05.html#11,Matthew 10:26-33,bible/matthew-10.html#25
2026-06-22,Monday of the Twelfth Week in Ordinary Time,371,Green,"2 Kings 17:5-8, 13-15a, 18",bible/2-kings-17.html#4,"Psalm 60:3, 4-5, 12-13",bible/psalms-60.html#2,Hebrews 4:12,bible/hebrews-04.html#11,,,Matthew 7:1-5,bible/matthew-07.html
2026-06-23,Tuesday of the Twelfth Week in Ordinary Time,372,Green,"2 Kings 19:9b-11, 14-21, 31-35a, 36",bible/2-kings-19.html#8,"Psalm 48:2-3Ab, 3cd-4, 10-11",bible/psalms-48.html#1,John 8:12,bible/john-08.html#11,,,"Matthew 7:6, 12-14",bible/matthew-07.html#5
2026-06-24,Solemnity of the Nativity of Saint John the Baptist,587,White,Isaiah 49:1-6,bible/isaiah-49.html,"Psalm 139:1b-3, 13-14ab, 14c-15",bible/psalms-139.html,See Luke 1:76,bible/luke-01.html#75,Acts 13:22-26,bible/acts-13.html#21,"Luke 1:57-66, 80",bible/luke-01.html#56
2026-06-25,Thursday of the Twelfth Week in Ordinary Time,374,Green,2 Kings 24:8-17,bible/2-kings-24.html#7,"Psalm 79:1b-2, 3-5, 8, 9",bible/psalms-79.html,John 14:23,bible/john-14.html#22,,,Matthew 7:21-29,bible/matthew-07.html#20
2026-06-26,Friday of the Twelfth Week in Ordinary Time,375,Green,2 Kings 25:1-12,bible/2-kings-25.html,"Psalm 137:1-2, 3, 4-5, 6",bible/psalms-137.html,Matthew 8:17,bible/matthew-08.html#16,,,Matthew 8:1-4,bible/matthew-08.html
2026-06-27,Saturday of the Twelfth Week in Ordinary Time,376,Green,"Lamentations 2:2, 10-14, 18-19",bible/lamentations-02.html#1,"Psalm 74:1b-2, 3-5, 6-7, 20-21",bible/psalms-74.html,Matthew 8:17,bible/matthew-08.html#16,,,Matthew 8:5-17,bible/matthew-08.html#4
2026-06-28,Thirteenth Sunday in Ordinary Time,97,Green,"2 Kings 4:8-11, 14-16a",bible/2-kings-04.html#7,"Psalm 89:2-3, 16-17, 18-19",bible/psalms-89.html#1,1 Peter 2:19,bible/1-peter-02.html#18,"Romans 6:3-4, 8-11",bible/romans-06.html#2,Matthew 10:37-42,bible/matthew-10.html#36
2026-06-29,"Solemnity of Saints Peter and Paul, Apostles",591,Red,Acts 12:1-11,bible/acts-12.html,"Psalm 34:2-3, 4-5, 6-7, 8-9",bible/psalms-34.html#1,Matthew 16:18,bible/matthew-16.html#17,"2 Timothy 4:6-8, 17-18",bible/2-timothy-04.html#5,Matthew 16:13-19,bible/matthew-16.html#12
2026-06-30,Tuesday of the Thirteenth Week in Ordinary Time,378,Green,Amos 3:1-8; 4:11-12,bible/amos-03.html,"Psalm 5:4b-6a, 6b-7, 8",bible/psalms-05.html#3,Psalm 130:5,bible/psalms-130.html#4,,,Matthew 8:23-27,bible/matthew-08.html#22
2026-07-01,Wednesday of the Thirteenth Week in Ordinary Time,379,Green,"Amos 5:14-15, 21-24",bible/amos-05.html#13,"Psalm 50:7, 8-9, 10-11, 12-13, 16bc-17",bible/psalms-50.html#6,James 1:18,bible/james-01.html#17,,,Matthew 8:28-34,bible/matthew-08.html#27
2026-07-02,Thursday of the Thirteenth Week in Ordinary Time,380,Green,Amos 7:10-17,bible/amos-07.html#9,"Psalm 19:8, 9, 10, 11",bible/psalms-19.html#7,2 Corinthians 5:19,bible/2-corinthians-05.html#18,,,Matthew 9:1-8,bible/matthew-09.html
2026-07-03,"Feast of Saint Thomas, Apostle",593,Red,Ephesians 2:19-22,bible/ephesians-02.html#18,"Psalm 117:1bc, 2",bible/psalms-117.html,John 20:29,bible/john-20.html#28,,,John 20:24-29,bible/john-20.html#23
2026-07-04,Saturday of the Thirteenth Week in Ordinary Time,382,Green,Amos 9:11-15,bible/amos-09.html#10,"Psalm 85:9 and 10, 11-12, 13-14",bible/psalms-85.html#8,John 10:27,bible/john-10.html#26,,,Matthew 9:14-17,bible/matthew-09.html#13
2026-07-05,Fourteenth Sunday in Ordinary Time,100,Green,Zechariah 9:9-10,bible/zechariah-09.html#8,"Psalm 145:1-2, 8-9, 10-11, 13-14",bible/psalms-145.html,Cf. Matthew 11:25,,"Romans 8:9, 11-13",bible/romans-08.html#8,Matthew 11:25-30,bible/matthew-11.html#24
2026-07-06,Monday of the Fourteenth Week in Ordinary Time,383,Green,"Hosea 2:16, 17c-18, 21-22",bible/hosea-02.html#15,"Psalm 145:2-3, 4-5, 6-7, 8-9",bible/psalms-145.html#1,See 2 Timothy 1:10,,,,Matthew 9:18-26,bible/matthew-09.html#17
2026-07-07,Tuesday of the Fourteenth Week in Ordinary Time,384,Green,"Hosea 8:4-7, 11-13",bible/hosea-08.html#3,"Psalm 115:3-4, 5-6, 7ab-8, 9-10",bible/psalms-115.html#2,John 10:14,bible/john-10.html#13,,,Matthew 9:32-38,bible/matthew-09.html#31
2026-07-08,Wednesday of the Fourteenth Week in Ordinary Time,385,Green,"Hosea 10:1-3, 7-8, 12",bible/hosea-10.html,"Psalm 105:2-3, 4-5, 6-7",bible/psalms-105.html#1,Mark 1:15,bible/mark-01.html#14,,,Matthew 10:1-7,bible/matthew-10.html
2026-07-09,Thursday of the Fourteenth Week in Ordinary Time,386,Green,"Hosea 11:1-4, 8e-9",bible/hosea-11.html,"Psalm 80:2ac, 3b, 15-16",bible/psalms-80.html#1,Mark 1:15,bible/mark-01.html#14,,,Matthew 10:7-15,bible/matthew-10.html#6
2026-07-10,Friday of the Fourteenth Week in Ordinary Time,387,Green,Hosea 14:2-10,bible/hosea-14.html#1,"Psalm 51:3-4, 8-9, 12-13, 14, 17",bible/psalms-51.html#2,John 16:13a; 14:26d,bible/john-16.html#12,,,Matthew 10:16-23,bible/matthew-10.html#15
2026-07-11,"Memorial of Saint Benedict, Abbot",388,White,Isaiah 6:1-8,bible/isaiah-06.html,"Psalm 93:1ab, 1cd-2, 5",bible/psalms-93.html,1 Peter 4:14,bible/1-peter-04.html#13,,,Matthew 10:24-33,bible/matthew-10.html#23
2026-07-12,Fifteenth Sunday in Ordinary Time,103,Green,Isaiah 55:10-11,bible/isaiah-55.html#9,"Psalm 65:10, 11, 12-13, 14",bible/psalms-65.html#9,,,Romans 8:18-23,bible/romans-08.html#17,Matthew 13:1-23,bible/matthew-13.html
2026-07-13,Monday of the Fifteenth Week in Ordinary Time,389,Green,Isaiah 1:10-17,bible/isaiah-01.html#9,"Psalm 50:8-9, 16bc-17, 21, 23",bible/psalms-50.html#7,Matthew 5:10,bible/matthew-05.html#9,,,Matthew 10:34-11:1,bible/matthew-10.html#33
2026-07-14,"Memorial of Saint Kateri Tekakwitha, Virgin [In the Dioceses of the United States]",390,White,Isaiah 7:1-9,bible/isaiah-07.html,"Psalm 48:2-3a, 3b-4, 5-6, 7-8",bible/psalms-48.html#1,Psalm 95:8,bible/psalms-95.html#7,,,Matthew 11:20-24,bible/matthew-11.html#19
2026-07-15,"Memorial of Saint Bonaventure, Bishop and Doctor of the Church",391,White,"Isaiah 10:5-7, 13b-16",bible/isaiah-10.html#4,"Psalm 94:5-6, 7-8, 9-10, 14-15",bible/psalms-94.html#4,Matthew 11:25,bible/matthew-11.html#24,,,Matthew 11:25-27,bible/matthew-11.html#24
2026-07-16,Thursday of the Fifteenth Week in Ordinary Time,392,Green,"Isaiah 26:7-9, 12, 16-19",bible/isaiah-26.html#6,"Psalm 102:13-14ab and 15, 16-18, 19-21",bible/psalms-102.html#12,Matthew 11:28,bible/matthew-11.html#27,,,Matthew 11:28-30,bible/matthew-11.html#27
2026-07-17,Friday of the Fifteenth Week in Ordinary Time,393,Green,"Isaiah 38:1-6, 21-22, 7-8",bible/isaiah-38.html,"Isaiah 38:10, 11, 12abcd, 16",bible/isaiah-38.html#9,John 10:27,bible/john-10.html#26,,,Matthew 12:1-8,bible/matthew-12.html
2026-07-18,Saturday of the Fifteenth Week in Ordinary Time,394,Green,Micah 2:1-5,bible/micah-02.html,"Psalm 10:1-2, 3-4, 7-8, 14",bible/psalms-10.html,2 Corinthians 5:19,bible/2-corinthians-05.html#18,,,Matthew 12:14-21,bible/matthew-12.html#13
2026-07-19,Sixteenth Sunday in Ordinary Time,106,Green,"Wisdom 12:13, 16-19",bible/wisdom-12.html#12,"Psalm 86:5-6, 9-10, 15-16",bible/psalms-86.html#4,Cf. Matthew 11:25,,Romans 8:26-27,bible/romans-08.html#25,Matthew 13:24-43,bible/matthew-13.html#23
2026-07-20,Monday of the Sixteenth Week in Ordinary Time,395,Green,"Micah 6:1-4, 6-8",bible/micah-06.html,"Psalm 50:5-6, 8-9, 16bc-17, 21, 23",bible/psalms-50.html#4,Psalm 95:8,bible/psalms-95.html#7,,,Matthew 12:38-42,bible/matthew-12.html#37
2026-07-21,Tuesday of the Sixteenth Week in Ordinary Time,396,Green,"Micah 7:14-15, 18-20",bible/micah-07.html#13,"Psalm 85:2-4, 5-6, 7-8",bible/psalms-85.html#1,John 14:23,bible/john-14.html#22,,,Matthew 12:46-50,bible/matthew-12.html#45
2026-07-22,Feast of Saint Mary Magdalene,603,White,Song of Songs 3:1-4b,,"Psalm 63:2, 3-4, 5-6, 8-9",bible/psalms-63.html#1,,,,,"John 20:1-2, 11-18",bible/john-20.html
2026-07-23,Thursday of the Sixteenth Week in Ordinary Time,398,Green,"Jeremiah 2:1-3, 7-8, 12-13",bible/jeremiah-02.html,"Psalm 36:6-7ab, 8-9, 10-11",bible/psalms-36.html#5,Matthew 11:25,bible/matthew-11.html#24,,,Matthew 13:10-17,bible/matthew-13.html#9
2026-07-24,Friday of the Sixteenth Week in Ordinary Time,399,Green,Jeremiah 3:14-17,bible/jeremiah-03.html#13,"Jeremiah 31:10, 11-12abcd, 13",bible/jeremiah-31.html#9,Luke 8:15,bible/luke-08.html#14,,,Matthew 13:18-23,bible/matthew-13.html#17
2026-07-25,"Feast of Saint James, Apostle",605,Red,2 Corinthians 4:7-15,bible/2-corinthians-04.html#6,"Psalm 126:1bc-2ab, 2cd-3, 4-5, 6",bible/psalms-126.html,See John 15:16,bible/john-15.html#15,,,Matthew 20:20-28,bible/matthew-20.html#19
2026-07-26,Seventeenth Sunday in Ordinary Time,109,Green,"1 Kings 3:5, 7-12",bible/1-kings-03.html#4,"Psalm 119:57, 72, 76-77, 127-128, 129-130",bible/psalms-119.html#56,Cf. Matthew 11:25,,Romans 8:28-30,bible/romans-08.html#27,Matthew 13:44-52,bible/matthew-13.html#43
2026-07-27,Monday of the Seventeenth Week in Ordinary Time,401,Green,Jeremiah 13:1-11,bible/jeremiah-13.html,"Deuteronomy 32:18-19, 20, 21",bible/deuteronomy-32.html#17,James 1:18,bible/james-01.html#17,,,Matthew 13:31-35,bible/matthew-13.html#30
2026-07-28,Tuesday of the Seventeenth Week in Ordinary Time,402,Green,Jeremiah 14:17-22,bible/jeremiah-14.html#16,"Psalm 79:8, 9, 11 and 13",bible/psalms-79.html#7,,,,,Matthew 13:36-43,bible/matthew-13.html#35
2026-07-29,"Memorial of Saints Martha, Mary, and Lazarus",403,White,"Jeremiah 15:10, 16-21",bible/jeremiah-15.html#9,"Psalm 59:2-3, 4, 10-11, 17, 18",bible/psalms-59.html#1,John 8:12,bible/john-08.html#11,,,John 11:19-27,bible/john-11.html#18
2026-07-30,Thursday of the Seventeenth Week in Ordinary Time,404,Green,Jeremiah 18:1-6,bible/jeremiah-18.html,"Psalm 146:1B-2, 3-4, 5-6ab",bible/psalms-146.html,Acts 16:14,bible/acts-16.html#13,,,Matthew 13:47-53,bible/matthew-13.html#46
2026-07-31,"Memorial of Saint Ignatius of Loyola, Priest",405,White,Jeremiah 26:1-9,bible/jeremiah-26.html,"Psalm 69:5, 8-10, 14",bible/psalms-69.html#4,1 Peter 1:25,bible/1-peter-01.html#24,,,Matthew 13:54-58,bible/matthew-13.html#53
2026-08-01,"Memorial of Saint Alphonsus Liguori, Bishop and Doctor of the Church",406,White,"Jeremiah 26:11-16, 24",bible/jeremiah-26.html#10,"Psalm 69:15-16, 30-31, 33-34",bible/psalms-69.html#14,Matthew 5:10,bible/matthew-05.html#9,,,Matthew 14:1-12,bible/matthew-14.html
2026-08-02,Eighteenth Sunday In Ordinary Time,112,Green,Isaiah 55:1-3,bible/isaiah-55.html,"Psalm 145:8-9, 15-16, 17-18",bible/psalms-145.html#7,Matthew 4:4b,bible/matthew-04.html#3,"Romans 8:35, 37-39",bible/romans-08.html#34,Matthew 14:13-21,bible/matthew-14.html#12
2026-08-03,Monday of the Eighteenth Week in Ordinary Time,407,Green,Jeremiah 28:1-17,bible/jeremiah-28.html,"Psalm 119:29, 43, 79, 80, 95, 102",bible/psalms-119.html#28,John 1:49b,bible/john-01.html#48,,,Matthew 14:22-36,bible/matthew-14.html#21
2026-08-04,"Memorial of Saint John Vianney, Priest",408,White,"Jeremiah 30:1-2, 12-15, 18-22",bible/jeremiah-30.html,"Psalm 102:16-18, 19-21, 29, 22-23",bible/psalms-102.html#15,John 1:49b,bible/john-01.html#48,,,Matthew 14:22-36,bible/matthew-14.html#21
2026-08-05,Wednesday of the Eighteenth Week in Ordinary Time,409,Green,Jeremiah 31:1-7,bible/jeremiah-31.html,"Jeremiah 31:10, 11-12ab, 13",bible/jeremiah-31.html#9,Luke 7:16,bible/luke-07.html#15,,,Matthew 15:21-28,bible/matthew-15.html#20
2026-08-06,Feast of the Transfiguration of the Lord,614,White,"Daniel 7:9-10, 13-14",bible/daniel-07.html#8,"Psalm 97:1-2, 5-6, 9",bible/psalms-97.html,Matthew 17:5,bible/matthew-17.html#4,2 Peter 1:16-19,bible/2-peter-01.html#15,Matthew 17:1-9,bible/matthew-17.html
2026-08-07,Friday of the Eighteenth Week in Ordinary Time,411,Green,"Nahum 2:1, 3; 3:1-3, 6-7",bible/nahum-02.html,"Deuteronomy 32:35cd-36ab, 39abcd, 41",bible/deuteronomy-32.html#34,Matthew 5:10,bible/matthew-05.html#9,,,Matthew 16:24-28,bible/matthew-16.html#23
2026-08-08,"Memorial of Saint Dominic, Priest",412,White,Habakkuk 1:12—2:4,bible/habakkuk-01.html#11,"Psalm 9:8-9, 10-11, 12-13",bible/psalms-09.html#7,2 Timothy 1:10,bible/2-timothy-01.html#9,,,Matthew 17:14-20,bible/matthew-17.html#13
2026-08-09,Nineteenth Sunday in Ordinary Time,115,Green,"1 Kings 19:9a, 11-13a",bible/1-kings-19.html#8,"Psalm 85:9, 10, 11-12, 13-14",bible/psalms-85.html#8,Psalm 130:5,bible/psalms-130.html#4,Romans 9:1-5,bible/romans-09.html,Matthew 14:22-33,bible/matthew-14.html#21
2026-08-10,"Feast of Saint Lawrence, Deacon and Martyr",618,Red,2 Corinthians 9:6-10,bible/2-corinthians-09.html#5,"Psalm 112:1-2, 5-6, 7-8, 9",bible/psalms-112.html,John 8:12,bible/john-08.html#11,,,John 12:24-26,bible/john-12.html#23
2026-08-11,"Memorial of Saint Clare, Virgin",414,White,Ezekiel 2:8-3:4,bible/ezekiel-02.html#7,"Psalm 119:14, 24, 72, 103, 111, 131",bible/psalms-119.html#13,Matthew 11:29,bible/matthew-11.html#28,,,"Matthew 18:1-5, 10, 12-14",bible/matthew-18.html
2026-08-12,Wednesday of the Nineteenth Week in Ordinary Time,415,Green,Ezekiel 9:1-7; 10:18-22,bible/ezekiel-09.html,"Psalm 113:1-2, 3-4, 5-6",bible/psalms-113.html,2 Corinthians 5:19,bible/2-corinthians-05.html#18,,,Matthew 18:15-20,bible/matthew-18.html#14
2026-08-13,Thursday of the Nineteenth Week in Ordinary Time,416,Green,Ezekiel 12:1-12,bible/ezekiel-12.html,"Psalm 78:56-57, 58-59, 61-62",bible/psalms-78.html#55,Psalm 119:135,bible/psalms-119.html#134,,,Matthew 18:21–19:1,bible/matthew-18.html#20
2026-08-14,"Memorial of Saint Maximilian Kolbe, Priest and Martyr",417,Red,"Ezekiel 16:1-15, 60, 63",bible/ezekiel-16.html,"Isaiah 12:2-3, 4bcd, 5-6",bible/isaiah-12.html#1,See 1 Thessalonians 2:13,,,,Matthew 19:3-12,bible/matthew-19.html#2
2026-08-15,Solemnity of the Assumption of the Blessed Virgin Mary,622,White,"Revelation 11:19A; 12:1-6A, 10AB",bible/revelation-11.html#18,"Psalm 45:10, 11, 12, 16",bible/psalms-45.html#9,,,1 Corinthians 15:20-27,bible/1-corinthians-15.html#19,Luke 1:39-56,bible/luke-01.html#38
2026-08-16,Twentieth Sunday in Ordinary Time,118,Green,"Isaiah 56:1, 6-7",bible/isaiah-56.html,"Psalm 67:2-3, 5, 6, 8",bible/psalms-67.html#1,Cf. Matthew 4:23,,"Romans 11:13-15, 29-32",bible/romans-11.html#12,Matthew 15:21-28,bible/matthew-15.html#20
2026-08-17,Monday of the Twentieth Week in Ordinary Time,419,Green,Ezekiel 24:15-23,bible/ezekiel-24.html#14,"Deuteronomy 32:18-19, 20, 21",bible/deuteronomy-32.html#17,Matthew 5:3,bible/matthew-05.html#2,,,Matthew 19:16-22,bible/matthew-19.html#15
2026-08-18,Tuesday of the Twentieth Week in Ordinary Time,420,Green,Ezekiel 28:1-10,bible/ezekiel-28.html,"Deuteronomy 32:26-27ab, 27cd-28, 30, 35cd-36ab",bible/deuteronomy-32.html#25,2 Corinthians 8:9,bible/2-corinthians-08.html#8,,,Matthew 19:23-30,bible/matthew-19.html#22
2026-08-19,Wednesday of the Twentieth Week in Ordinary Time,421,Green,Ezekiel 34:1-11,bible/ezekiel-34.html,"Psalm 23:1-3a, 3b-4, 5, 6",bible/psalms-23.html,Hebrews 4:12,bible/hebrews-04.html#11,,,Matthew 20:1-16,bible/matthew-20.html
2026-08-20,"Memorial of Saint Bernard, Abbot and Doctor of the Church",422,White,Ezekiel 36:23-28,bible/ezekiel-36.html#22,"Psalm 51:12-13, 14-15, 18-19",bible/psalms-51.html#11,Psalm 95:8,bible/psalms-95.html#7,,,Matthew 22:1-14,bible/matthew-22.html
2026-08-21,"Memorial of Saint Pius X, Pope",423,White,Ezekiel 37:1-14,bible/ezekiel-37.html,"Psalm 107:2-3, 4-5, 6-7, 8-9",bible/psalms-107.html#1,"Psalm 25:4b, 5a",bible/psalms-25.html#3,,,Matthew 22:34-40,bible/matthew-22.html#33
2026-08-22,Memorial of the Queenship of the Blessed Virgin Mary,424,White,Ezekiel 43:1-7ab,bible/ezekiel-43.html,"Psalm 85:9ab, 10, 11-12, 13-14",bible/psalms-85.html#8,"Matthew 23:9B, 10b",bible/matthew-23.html#8,,,Matthew 23:1-12,bible/matthew-23.html
2026-08-23,Twenty-first Sunday in Ordinary Time,121,Green,Isaiah 22:19-23,bible/isaiah-22.html#18,"Psalm 138:1-2, 2-3, 6, 8",bible/psalms-138.html,Matthew 16:18,bible/matthew-16.html#17,Romans 11:33-36,bible/romans-11.html#32,Matthew 16:13-20,bible/matthew-16.html#12
2026-08-24,"Feast of Saint Bartholomew, Apostle",629,Red,Revelation 21:9b-14,bible/revelation-21.html#8,"Psalm 145:10-11, 12-13, 17-18",bible/psalms-145.html#9,John 1:49b,bible/john-01.html#48,,,John 1:45-51,bible/john-01.html#44
2026-08-25,Tuesday of the Twenty-first Week in Ordinary Time,426,Green,"2 Thessalonians 2:1-3a, 14-17",bible/2-thessalonians-02.html,"Psalm 96:10, 11-12, 13",bible/psalms-96.html#9,Hebrews 4:12,bible/hebrews-04.html#11,,,Matthew 23:23-26,bible/matthew-23.html#22
2026-08-26,Wednesday of the Twenty-first Week in Ordinary Time,427,Green,"2 Thessalonians 3:6-10, 16-18",bible/2-thessalonians-03.html#5,"Psalm 128:1-2, 4-5",bible/psalms-128.html,1 John 2:5,bible/1-john-02.html#4,,,Matthew 23:27-32,bible/matthew-23.html#26
2026-08-27,Memorial of Saint Monica,428,White,1 Corinthians 1:1-9,bible/1-corinthians-01.html,"Psalm 145:2-3, 4-5, 6-7",bible/psalms-145.html#1,"Matthew 24:42a, 44",bible/matthew-24.html#41,,,Matthew 24:42-51,bible/matthew-24.html#41
2026-08-28,"Memorial of Saint Augustine, Bishop and Doctor of the Church",429,White,1 Corinthians 1:17-25,bible/1-corinthians-01.html#16,"Psalm 33:1-2, 4-5, 10-11",bible/psalms-33.html,Luke 21:36,bible/luke-21.html#35,,,Matthew 25:1-13,bible/matthew-25.html
2026-08-29,Memorial of the Passion of Saint John the Baptist,430,White,1 Corinthians 1:26-31,bible/1-corinthians-01.html#25,"Psalm 33:12-13, 18-19, 20-21",bible/psalms-33.html#11,Matthew 5:10,bible/matthew-05.html#9,,,Mark 6:17-29,bible/mark-06.html#16
2026-08-30,Twenty-second Sunday in Ordinary Time,124,Green,Jeremiah 20:7-9,bible/jeremiah-20.html#6,"Psalm 63:2, 3-4, 5-6, 8-9",bible/psalms-63.html#1,cf. Ephesians 1:17-18,,Romans 12:1-2,bible/romans-12.html,Matthew 16:21-27,bible/matthew-16.html#20
2026-08-31,Monday of the Twenty-second Week in Ordinary Time,431,Green,1 Corinthians 2:1-5,bible/1-corinthians-02.html,"Psalm 119:97, 98, 99, 100, 101, 102",bible/psalms-119.html#96,Luke 4:18,bible/luke-04.html#17,,,Luke 4:16-30,bible/luke-04.html#15
2026-09-01,Tuesday of the Twenty-second Week in Ordinary Time,432,Green,1 Corinthians 2:10b-16,bible/1-corinthians-02.html#9,"Psalm 145:8-9, 10-11, 12-13ab, 13cd-14",bible/psalms-145.html#7,Luke 7:16,bible/luke-07.html#15,,,Luke 4:31-37,bible/luke-04.html#30
2026-09-02,Wednesday of the Twenty-second Week in Ordinary Time,433,Green,1 Corinthians 3:1-9,bible/1-corinthians-03.html,"Psalm 33:12-13, 14-15, 20-21",bible/psalms-33.html#11,Luke 4:18,bible/luke-04.html#17,,,Luke 4:38-44,bible/luke-04.html#37
2026-09-03,"Memorial of Saint Gregory the Great, Pope and Doctor of the Church",434,White,1 Corinthians 3:18-23,bible/1-corinthians-03.html#17,"Psalm 24:1bc-2, 3-4ab, 5-6",bible/psalms-24.html,Matthew 4:19,bible/matthew-04.html#18,,,Luke 5:1-11,bible/luke-05.html
2026-09-04,Friday of the Twenty-second Week in Ordinary Time,435,Green,1 Corinthians 4:1-5,bible/1-corinthians-04.html,"Psalm 37:3-4, 5-6, 27-28, 39-40",bible/psalms-37.html#2,John 8:12,bible/john-08.html#11,,,Luke 5:33-39,bible/luke-05.html#32
2026-09-05,Saturday of the Twenty-second Week in Ordinary Time,436,Green,1 Corinthians 4:6b-15,bible/1-corinthians-04.html#5,"Psalm 145:17-18, 19-20, 21",bible/psalms-145.html#16,John 14:6,bible/john-14.html#5,,,Luke 6:1-5,bible/luke-06.html
2026-09-06,Twenty-third Sunday in Ordinary Time,127,Green,Ezekiel 33:7-9,bible/ezekiel-33.html#6,"Psalm 95:1-2, 6-7, 8-9",bible/psalms-95.html,2 Corinthians 5:19,bible/2-corinthians-05.html#18,Romans 13:8-10,bible/romans-13.html#7,Matthew 18:15-20,bible/matthew-18.html#14
2026-09-07,Monday of the Twenty-third Week in Ordinary Time,437,Green,1 Corinthians 5:1-8,bible/1-corinthians-05.html,"Psalm 5:5-6, 7, 12",bible/psalms-05.html#4,John 10:27,bible/john-10.html#26,,,Luke 6:6-11,bible/luke-06.html#5
2026-09-08,Feast of the Nativity of the Blessed Virgin Mary,636,White,Micah 5:1-4a,bible/micah-05.html,"Psalm 13:6ab, 6c",bible/psalms-13.html#5,,,,,"Matthew 1:1-16, 18-23",bible/matthew-01.html
2026-09-09,"Memorial of Saint Peter Claver, Priest",439,White,1 Corinthians 7:25-31,bible/1-corinthians-07.html#24,"Psalm 45:11-12, 14-15, 16-17",bible/psalms-45.html#10,Luke 6:23ab,bible/luke-06.html#22,,,Luke 6:20-26,bible/luke-06.html#19
2026-09-10,Thursday of the Twenty-third Week in Ordinary Time,440,Green,"1 Corinthians 8:1b-7, 11-13",bible/1-corinthians-08.html,"Psalm 139:1b-3, 13-14ab, 23-24",bible/psalms-139.html,1 John 4:12,bible/1-john-04.html#11,,,Luke 6:27-38,bible/luke-06.html#26
2026-09-11,Friday of the Twenty-third Week in Ordinary Time,441,Green,"1 Corinthians 9:16-19, 22b-27",bible/1-corinthians-09.html#15,"Psalm 84:3, 4, 5-6, 12",bible/psalms-84.html#2,"See John 17:17b, 17a",bible/john-17.html#16,,,Luke 6:39-42,bible/luke-06.html#38
2026-09-12,Saturday of the Twenty-Third Week in Ordinary Time,442,Green,1 Corinthians 10:14-22,bible/1-corinthians-10.html#13,"Psalm 116:12-13, 17-18",bible/psalms-116.html#11,John 14:23,bible/john-14.html#22,,,Luke 6:43-49,bible/luke-06.html#42
2026-09-13,Twenty-fourth Sunday in Ordinary Time,130,Green,Sirach 27:30—28:7,bible/sirach-27.html#29,"Psalm 103:1-2, 3-4, 9-10, 11-12",bible/psalms-103.html,John 13:34,bible/john-13.html#33,Romans 14:7-9,bible/romans-14.html#6,Matthew 18:21-35,bible/matthew-18.html#20
2026-09-14,Feast of the Exaltation of the Holy Cross,638,White,Numbers 21:4b-9,bible/numbers-21.html#3,"Psalm 78:1bc-2, 34-35, 36-37, 38",bible/psalms-78.html,,,Philippians 2:6-11,bible/philippians-02.html#5,John 3:13-17,bible/john-03.html#12
2026-09-15,Memorial of Our Lady of Sorrows,444,White,"1 Corinthians 12:12-14, 27-31a",bible/1-corinthians-12.html#11,"Psalm 100:1b-2, 3, 4, 5",bible/psalms-100.html,,,,,John 19:25-27,bible/john-19.html#24
2026-09-16,"Memorial of Saints Cornelius, Pope, and Cyprian, Bishop, Martyrs",445,Red,1 Corinthians 12:31-13:13,bible/1-corinthians-12.html#30,"Psalm 33:2-3, 4-5, 12 and 22",bible/psalms-33.html#1,"See John 6:63c, 68c",bible/john-06.html#62,,,Luke 7:31-35,bible/luke-07.html#30
2026-09-17,Thursday of the Twenty-fourth Week in Ordinary Time,446,Green,1 Corinthians 15:1-11,bible/1-corinthians-15.html,"Psalm 118:1b-2, 16ab-17, 28",bible/psalms-118.html,Matthew 11:28,bible/matthew-11.html#27,,,Luke 7:36-50,bible/luke-07.html#35
2026-09-18,Friday of the Twenty-fourth Week in Ordinary Time,447,Green,1 Corinthians 15:12-20,bible/1-corinthians-15.html#11,"Psalm 17:1bcd, 6-7, 8b, 15",bible/psalms-17.html,See Matthew 11:25,bible/matthew-11.html#24,,,Luke 8:1-3,bible/luke-08.html
2026-09-19,Saturday of the Twenty-fourth Week in Ordinary Time,448,Green,"1 Corinthians 15:35-37, 42-49",bible/1-corinthians-15.html#34,"Psalm 56:10c-12, 13-14",bible/psalms-56.html#9,Luke 8:15,bible/luke-08.html#14,,,Luke 8:4-15,bible/luke-08.html#3
2026-09-20,Twenty-fifth Sunday in Ordinary Time,133,Green,Isaiah 55:6-9,bible/isaiah-55.html#5,"Psalm 145:2-3, 8-9, 17-18",bible/psalms-145.html#1,Cf. Acts 16:14b,,"Philippians 1:20c-24, 27a",bible/philippians-01.html#19,Matthew 20:1-16a,bible/matthew-20.html
2026-09-21,"Feast of Saint Matthew, Apostle and evangelist",643,Red,"Ephesians 4:1-7, 11-13",bible/ephesians-04.html,"Psalm 19:2-3, 4-5",bible/psalms-19.html#1,,,,,Matthew 9:9-13,bible/matthew-09.html#8
2026-09-22,Tuesday of the Twenty-fifth Week in Ordinary Time,450,Green,"Proverbs 21:1-6, 10-13",bible/proverbs-21.html,"Psalm 119:1, 27, 30, 34, 35, 44",bible/psalms-119.html,Luke 11:28,bible/luke-11.html#27,,,Luke 8:19-21,bible/luke-08.html#18
2026-09-23,"Memorial of Saint Pius of Pietrelcina, Priest",451,White,Proverbs 30:5-9,bible/proverbs-30.html#4,"Psalm 119:29, 72, 89, 101, 104, 163",bible/psalms-119.html#28,Mark 1:15,bible/mark-01.html#14,,,Luke 9:1-6,bible/luke-09.html
2026-09-24,Thursday of the Twenty-fifth Week in Ordinary Time,452,Green,Ecclesiastes 1:2-11,bible/ecclesiastes-01.html#1,"Psalm 90:3-4, 5-6, 12-13, 14, 17bc",bible/psalms-90.html#2,John 14:6,bible/john-14.html#5,,,Luke 9:7-9,bible/luke-09.html#6
2026-09-25,Friday of the Twenty-fifth Week in Ordinary Time,453,Green,Ecclesiastes 3:1-11,bible/ecclesiastes-03.html,"Psalm 144:1b and 2abc, 3-4",bible/psalms-144.html,Mark 10:45,bible/mark-10.html#44,,,Luke 9:18-22,bible/luke-09.html#17
2026-09-26,Saturday of the Twenty-Fifth Week in Ordinary Time,454,Green,Ecclesiastes 11:9—12:8,bible/ecclesiastes-11.html#8,"Psalm 90:3-4, 5-6, 12-13, 14 and 17",bible/psalms-90.html#2,2 Timothy 1:10,bible/2-timothy-01.html#9,,,Luke 9:43b-45,bible/luke-09.html#42
2026-09-27,Twenty-sixth Sunday in Ordinary Time,136,Green,Ezekiel 18:25-28,bible/ezekiel-18.html#24,"Psalm 25:4-5, 6-7, 8-9",bible/psalms-25.html#3,John 10:27,bible/john-10.html#26,Philippians 2:1-11,bible/philippians-02.html,Matthew 21:28-32,bible/matthew-21.html#27
2026-09-28,Monday of the Twenty-sixth Week in Ordinary Time,455,Green,Job 1:6-22,bible/job-01.html#5,"Psalm 17:1bcd, 2-3, 6-7",bible/psalms-17.html,Mark 10:45,bible/mark-10.html#44,,,Luke 9:46-50,bible/luke-09.html#45
2026-09-29,"Feast of Saints Michael, Gabriel, and Raphael, Archangels",647,White,"Daniel 7:9-10, 13-14",bible/daniel-07.html#8,"Psalm 138:1-2ab, 2cde-3, 4-5",bible/psalms-138.html,Psalm 103:21,bible/psalms-103.html#20,,,John 1:47-51,bible/john-01.html#46
2026-09-30,"Memorial of Saint Jerome, Priest and Doctor of the Church",457,White,"Job 9:1-12, 14-16",bible/job-09.html,"Psalm 88:10bc-11, 12-13, 14-15",bible/psalms-88.html#9,Philippians 3:8-9,bible/philippians-03.html#7,,,Luke 9:57-62,bible/luke-09.html#56
2026-10-01,"Memorial of Saint Thérèse of the Child Jesus, Virgin and Doctor of the Church",458,White,Job 19:21-27,bible/job-19.html#20,"Psalm 27:7-8a, 8b-9abc, 13-14",bible/psalms-27.html#6,Mark 1:15,bible/mark-01.html#14,,,Luke 10:1-12,bible/luke-10.html
2026-10-02,Memorial of the Holy Guardian Angels,459,White,"Job 38:1, 12-21; 40:3-5",bible/job-38.html,"Psalm 139:1-3, 7-8, 9-10, 13-14ab",bible/psalms-139.html,Psalm 103:21,bible/psalms-103.html#20,,,"Matthew 18:1-5, 10",bible/matthew-18.html
2026-10-03,Saturday of the Twenty-sixth Week in Ordinary Time,460,Green,"Job 42:1-3, 5-6, 12-17",bible/job-42.html,"Psalm 119:66, 71, 75, 91, 125, 130",bible/psalms-119.html#65,See Matthew 11:25,bible/matthew-11.html#24,,,Luke 10:17-24,bible/luke-10.html#16
2026-10-04,Twenty-seventh Sunday in Ordinary Time,139,Green,Isaiah 5:1-7,bible/isaiah-05.html,"Psalm 80:9, 12, 13-14, 15-16, 19-20",bible/psalms-80.html#8,Cf. John 15:16,,Philippians 4:6-9,bible/philippians-04.html#5,Matthew 21:33-43,bible/matthew-21.html#32
2026-10-05,Monday of the Twenty-seventh Week in Ordinary Time,461,Green,Galatians 1:6-12,bible/galatians-01.html#5,"Psalm 111:1b-2, 7-8, 9, 10c",bible/psalms-111.html,John 13:34,bible/john-13.html#33,,,Luke 10:25-37,bible/luke-10.html#24
2026-10-06,Tuesday of the Twenty-seventh Week in Ordinary Time,462,Green,Galatians 1:13-24,bible/galatians-01.html#12,"Psalm 139:1b-3, 13-14ab, 14c-15",bible/psalms-139.html,Luke 11:28,bible/luke-11.html#27,,,Luke 10:38-42,bible/luke-10.html#37
2026-10-07,Memorial of Our Lady of the Rosary,463,White,"Galatians 2:1-2, 7-14",bible/galatians-02.html,"Psalm 117:1bc, 2",bible/psalms-117.html,Romans 8:15bc,bible/romans-08.html#14,,,Luke 11:1-4,bible/luke-11.html
2026-10-08,Thursday of the Twenty-seventh Week in Ordinary Time,464,Green,Galatians 3:1-5,bible/galatians-03.html,"Luke 1:69-70, 71-72, 73-75",bible/luke-01.html#68,Acts 16:14b,bible/acts-16.html#13,,,Luke 11:5-13,bible/luke-11.html#4
2026-10-09,Friday of the Twenty-seventh Week in Ordinary Time,465,Green,Galatians 3:7-14,bible/galatians-03.html#6,"Psalm 111:1b-2, 3-4, 5-6",bible/psalms-111.html,John 12:31b-32,bible/john-12.html#30,,,Luke 11:15-26,bible/luke-11.html#14
2026-10-10,Saturday of the Twenty-seventh Week in Ordinary Time,466,Green,Galatians 3:22-29,bible/galatians-03.html#21,"Psalm 105:2-3, 4-5, 6-7",bible/psalms-105.html#1,Luke 11:28,bible/luke-11.html#27,,,Luke 11:27-28,bible/luke-11.html#26
2026-10-11,Twenty-eighth Sunday in Ordinary Time,142,Green,Isaiah 25:6-10a,bible/isaiah-25.html#5,"Psalm 23:1-3a, 3b-4, 5, 6",bible/psalms-23.html,Cf. Ephesians 1:17-18,,"Philippians 4:12-14, 19-20",bible/philippians-04.html#11,Matthew 22:1-14,bible/matthew-22.html
2026-10-12,Monday of the Twenty-eighth Week in Ordinary Time,467,Green,"Galatians 4:22-24, 26-27, 31–5:1",bible/galatians-04.html#21,"Psalm 113:1b-2, 3-4, 5a, 6-7",bible/psalms-113.html,Psalm 95:8,bible/psalms-95.html#7,,,Luke 11:29-32,bible/luke-11.html#28
2026-10-13,Tuesday of the Twenty-eighth Week in Ordinary Time,468,Green,Galatians 5:1-6,bible/galatians-05.html,"Psalm 119:41, 43, 44, 45, 47, 48",bible/psalms-119.html#40,Hebrews 4:12,bible/hebrews-04.html#11,,,Luke 11:37-41,bible/luke-11.html#36
2026-10-14,Wednesday of the Twenty-eighth Week in Ordinary Time,469,Green,Galatians 5:18-25,bible/galatians-05.html#17,"Psalm 1:1-2, 3, 4, 6",bible/psalms-01.html,John 10:27,bible/john-10.html#26,,,Luke 11:42-46,bible/luke-11.html#41
2026-10-15,"Memorial of Saint Teresa of Jesus, Virgin and Doctor of the Church",470,White,Ephesians 1:1-10,bible/ephesians-01.html,"Psalm 98:1, 2-3ab, 3cd-4, 5-6",bible/psalms-98.html,John 14:6,bible/john-14.html#5,,,Luke 11:47-54,bible/luke-11.html#46
2026-10-16,Friday of the Twenty-eighth Week in Ordinary Time,471,Green,Ephesians 1:11-14,bible/ephesians-01.html#10,"Psalm 33:1-2, 4-5, 12-13",bible/psalms-33.html,Psalm 33:22,bible/psalms-33.html#21,,,Luke 12:1-7,bible/luke-12.html
2026-10-17,"Memorial of Saint Ignatius of Antioch, Bishop and Martyr",472,Red,Ephesians 1:15-23,bible/ephesians-01.html#14,"Psalm 8:2-3ab, 4-5, 6-7",bible/psalms-08.html#1,"John 15:26b, 27a",bible/john-15.html#25,,,Luke 12:8-12,bible/luke-12.html#7
2026-10-18,Twenty-ninth Sunday in Ordinary Time,145,Green,"Isaiah 45:1, 4-6",bible/isaiah-45.html,"Psalm 96:1, 3, 4-5, 7-8, 9-10",bible/psalms-96.html,"Philippians 2:15d, 16a",bible/philippians-02.html#14,1 Thessalonians 1:1-5b,bible/1-thessalonians-01.html,Matthew 22:15-21,bible/matthew-22.html#14
2026-10-19,"Memorial of Saints John de Brébeuf and Isaac Jogues, Priests, and Companions, Martyrs",473,Red,Ephesians 2:1-10,bible/ephesians-02.html,"Psalm 100:1b-2, 3, 4ab, 4c-5",bible/psalms-100.html,Matthew 5:3,bible/matthew-05.html#2,,,Luke 12:13-21,bible/luke-12.html#12
2026-10-20,Tuesday of the Twenty-ninth Week in Ordinary Time,474,Green,Ephesians 2:12-22,bible/ephesians-02.html#11,"Psalm 85:9ab-10, 11-12, 13-14",bible/psalms-85.html#8,Luke 21:36,bible/luke-21.html#35,,,Luke 12:35-38,bible/luke-12.html#34
2026-10-21,Wednesday of the Twenty-ninth Week in Ordinary Time,475,Green,Ephesians 3:2-12,bible/ephesians-03.html#1,"Isaiah 12:2-3, 4bcd, 5-6",bible/isaiah-12.html#1,"Matthew 24:42a, 44",bible/matthew-24.html#41,,,Luke 12:39-48,bible/luke-12.html#38
2026-10-22,Thursday of the Twenty-ninth Week in Ordinary Time,476,Green,Ephesians 3:14-21,bible/ephesians-03.html#13,"Psalm 33:1-2, 4-5, 11-12, 18-19",bible/psalms-33.html,Phippians 3:8-9,,,,Luke 12:49-53,bible/luke-12.html#48
2026-10-23,Friday of the Twenty-ninth Week in Ordinary Time,477,Green,Ephesians 4:1-6,bible/ephesians-04.html,"Psalm 24:1-2, 3-4ab, 5-6",bible/psalms-24.html,See Matthew 11:25,bible/matthew-11.html#24,,,Luke 12:54-59,bible/luke-12.html#53
2026-10-24,Saturday of the Twenty-ninth Week in Ordinary Time,478,Green,Ephesians 4:7-16,bible/ephesians-04.html#6,"Psalm 122:1-2, 3-4ab, 4cd-5",bible/psalms-122.html,Ezekiel 33:11,bible/ezekiel-33.html#10,,,Luke 13:1-9,bible/luke-13.html
2026-10-25,Thirtieth Sunday in Ordinary Time,148,Green,Exodus 22:20-26,bible/exodus-22.html#19,"Psalm 18:2-3, 3-4, 47, 51",bible/psalms-18.html#1,John 14:23,bible/john-14.html#22,1 Thessalonians 1:5c-10,bible/1-thessalonians-01.html#4,Matthew 22:34-40,bible/matthew-22.html#33
2026-10-26,Monday of the Thirtieth Week in Ordinary Time,479,Green,Ephesians 4:32–5:8,bible/ephesians-04.html#31,"Psalm 1:1-2, 3, 4, 6",bible/psalms-01.html,"John 17:17b, 17a",bible/john-17.html#16,,,Luke 13:10-17,bible/luke-13.html#9
2026-10-27,Tuesday of the Thirtieth Week in Ordinary Time,480,Green,Ephesians 5:21-33,bible/ephesians-05.html#20,"Psalm 128:1-2, 3, 4-5",bible/psalms-128.html,See Matthew 11:25,bible/matthew-11.html#24,,,Luke 13:18-21,bible/luke-13.html#17
2026-10-28,"Feast of Saints Simon and Jude, Apostles",666,Red,Ephesians 2:19-22,bible/ephesians-02.html#18,"Psalm 19:2-3, 4-5",bible/psalms-19.html#1,,,,,Luke 6:12-16,bible/luke-06.html#11
2026-10-29,Thursday of the Thirtieth Week in Ordinary Time,482,Green,Ephesians 6:10-20,bible/ephesians-06.html#9,"Psalm 144:1b, 2, 9-10",bible/psalms-144.html,See Luke 19:38; 2:14,bible/luke-19.html#37,,,Luke 13:31-35,bible/luke-13.html#30
2026-10-30,Friday of the Thirtieth Week in Ordinary Time,483,Green,Philippians 1:1-11,bible/philippians-01.html,"Psalm 111:1-2, 3-4, 5-6",bible/psalms-111.html,John 10:27,bible/john-10.html#26,,,Luke 14:1-6,bible/luke-14.html
2026-10-31,Saturday of the Thirtieth Week in Ordinary Time,484,Green,Philippians 1:18b-26,bible/philippians-01.html#17,"Psalm 42:2, 3, 5cdef",bible/psalms-42.html#1,Matthew 11:29ab,bible/matthew-11.html#28,,,"Luke 14:1, 7-11",bible/luke-14.html
2026-11-01,Solemnity of All Saints,667,White,"Revelation 7:2-4, 9-14",bible/revelation-07.html#1,"Psalm 24:1bc-2, 3-4ab, 5-6",bible/psalms-24.html,Matthew 11:28,bible/matthew-11.html#27,1 John 3:1-3,bible/1-john-03.html,Matthew 5:1-12a,bible/matthew-05.html
2026-11-02,The Commemoration of All the Faithful Departed,668,Black,Wisdom 3:1-9,bible/wisdom-03.html,"Psalm 23:1-3a, 3b-4, 5, 6",bible/psalms-23.html,Matthew 25:34,bible/matthew-25.html#33,Romans 5:5-11,bible/romans-05.html#4,John 6:37-40,bible/john-06.html#36
2026-11-03,Tuesday of the Thirty-first Week in Ordinary Time,486,Green,Philippians 2:5-11,bible/philippians-02.html#4,"Psalm 22:26b-27, 28-30ab, 30e, 31-32",bible/psalms-22.html#25,Matthew 11:28,bible/matthew-11.html#27,,,Luke 14:15-24,bible/luke-14.html#14
2026-11-04,"Memorial of Saint Charles Borromeo, Bishop",487,White,Phiippians 2:12-18,,"Psalm 27:1, 4, 13-14",bible/psalms-27.html,1 Peter 4:14,bible/1-peter-04.html#13,,,Luke 14:25-33,bible/luke-14.html#24
2026-11-05,Thursday of the Thirty-first Week in Ordinary Time,488,Green,Philippians 3:3-8a,bible/philippians-03.html#2,"Psalm 105:2-3, 4-5, 6-7",bible/psalms-105.html#1,Matthew 11:28,bible/matthew-11.html#27,,,Luke 15:1-10,bible/luke-15.html
2026-11-06,Friday of the Thirty-first Week in Ordinary Time,489,Green,Philippians 3:17—4:1,bible/philippians-03.html#16,"Psalm 122:1-2, 3-4ab, 4cd-5",bible/psalms-122.html,1 John 2:5,bible/1-john-02.html#4,,,Luke 16:1-8,bible/luke-16.html
2026-11-07,Saturday of the Thirty-first Week in Ordinary Time,490,Green,Philippians 4:10-19,bible/philippians-04.html#9,"Psalm 112:1b-2, 5-6, 8a, 9",bible/psalms-112.html,2 Corinthians 8:9,bible/2-corinthians-08.html#8,,,Luke 16:9-15,bible/luke-16.html#8
2026-11-08,Thirty-second Sunday in Ordinary Time,154,Green,Wisdom 6:12-16,bible/wisdom-06.html#11,"Psalm 63:2, 3-4, 5-6, 7-8",bible/psalms-63.html#1,"Matthew 24:42a, 44",bible/matthew-24.html#41,1 Thessalonians 4:13-18,bible/1-thessalonians-04.html#12,Matthew 25:1-13,bible/matthew-25.html
2026-11-09,Feast of the Dedication of the Lateran Basilica in Rome,671,White,"Ezekiel 47:1-2, 8-9, 12",bible/ezekiel-47.html,"Psalm 46:2-3, 5-6, 8-9",bible/psalms-46.html#1,2 Chronicles 7:16,bible/2-chronicles-07.html#15,"1 Corinthians 3:9c-11, 16-17",bible/1-corinthians-03.html#8,John 2:13-22,bible/john-02.html#12
2026-11-10,"Memorial of Saint Leo the Great, Pope and Doctor of the Church",492,White,"Titus 2:1-8, 11-14",bible/titus-02.html,"Psalm 37:3-4, 18 and 23, 27 and 29",bible/psalms-37.html#2,John 14:23,bible/john-14.html#22,,,Luke 17:7-10,bible/luke-17.html#6
2026-11-11,"Memorial of Saint Martin of Tours, Bishop",493,White,Titus 3:1-7,bible/titus-03.html,"Psalm 23:1b-3a, 3bc-4, 5, 6",bible/psalms-23.html,1 Thessalonians 5:18,bible/1-thessalonians-05.html#17,,,Luke 17:11-19,bible/luke-17.html#10
2026-11-12,"Memorial of Saint Josaphat, Bishop and Martyr",494,Red,Philemon 7-20,,"Psalm 146:7, 8-9a, 9bc-10",bible/psalms-146.html#6,John 15:5,bible/john-15.html#4,,,Luke 17:20-25,bible/luke-17.html#19
2026-11-13,"Memorial of Saint Frances Xavier Cabrini, Virgin",495,White,2 John 4-9,,"Psalm 119:1, 2, 10, 11, 17, 18",bible/psalms-119.html,Luke 21:28,bible/luke-21.html#27,,,Luke 17:26-37,bible/luke-17.html#25
2026-11-14,Saturday of the Thirty-second Week in Ordinary Time,496,Green,3 John 5-8,,"Psalm 112:1-2, 3-4, 5-6",bible/psalms-112.html,See 2 Thessalonians 2:14,,,,Luke 18:1-8,bible/luke-18.html
2026-11-15,Thirty-third Sunday in Ordinary Time,157,Green,"Proverbs 31:10-13, 19-20, 30-31",bible/proverbs-31.html#9,"Psalm 128:1-2, 3, 4-5",bible/psalms-128.html,"John 15:4a, 5b",bible/john-15.html#3,1 Thessalonians 5:1-6,bible/1-thessalonians-05.html,Matthew 25:14-30,bible/matthew-25.html#13
2026-11-16,Monday of the Thirty-third Week in Ordinary Time,497,Green,Revelation 1:1-4; 2:1-5,bible/revelation-01.html,"Psalm 1:1-2, 3, 4, 6",bible/psalms-01.html,John 8:12,bible/john-08.html#11,,,Luke 18:35-43,bible/luke-18.html#34
2026-11-17,"Memorial of Saint Elizabeth of Hungary, Religious",498,White,"Revelation 3:1-6, 14-22",bible/revelation-03.html,"Psalm 15:2-3a, 3bc-4ab, 5",bible/psalms-15.html#1,1 John 4:10b,bible/1-john-04.html#9,,,Luke 19:1-10,bible/luke-19.html
2026-11-18,Wednesday of the Thirty-third Week in Ordinary Time,499,Green,Revelation 4:1-11,bible/revelation-04.html,"Psalm 150:1b-2, 3-4, 5-6",bible/psalms-150.html,See John 15:16,bible/john-15.html#15,,,Luke 19:11-28,bible/luke-19.html#10
2026-11-19,Thursday of the Thirty-third Week in Ordinary Time,500,Green,Revelation 5:1-10,bible/revelation-05.html,"Psalm 149:1b-2, 3-4, 5-6b, 9b",bible/psalms-149.html,Psalm 95:8,bible/psalms-95.html#7,,,Luke 19:41-44,bible/luke-19.html#40
2026-11-20,Friday of the Thirty-third Week in Ordinary Time,501,Green,Revelation 10:8-11,bible/revelation-10.html#7,"Psalm 119:14, 24, 72, 103, 111, 131",bible/psalms-119.html#13,John 10:27,bible/john-10.html#26,,,Luke 19:45-48,bible/luke-19.html#44
2026-11-21,Memorial of the Presentation of the Blessed Virgin Mary,502,White,,,"Psalm 144:1, 2, 9-10",bible/psalms-144.html,See 2 Timothy 1:10,,,,Luke 20:27-40,bible/luke-20.html#26
2026-11-22,"The Solemnity of Our Lord Jesus Christ, King of the Universe",160,White,"Ezekiel 34:11-12, 15-17",bible/ezekiel-34.html#10,"Psalm 23:1-2, 2-3, 5-6",bible/psalms-23.html,"Mark 11:9, 10",bible/mark-11.html#8,"1 Corinthians 15:20-26, 28",bible/1-corinthians-15.html#19,Matthew 25:31-46,bible/matthew-25.html#30
2026-11-23,Monday of the Thirty-fourth Week in Ordinary Time,503,Green,"Revelation 14:1-3, 4b-5",bible/revelation-14.html,"Psalm 24:1bc-2, 3-4ab, 5-6",bible/psalms-24.html,"Matthew 24:42a, 44",bible/matthew-24.html#41,,,Luke 21:1-4,bible/luke-21.html
2026-11-24,"Memorial of Saint Andrew Dung-Lac, Priest, and Companions, Martyrs",504,Red,Revelation 14:14-19,bible/revelation-14.html#13,"Psalm 96:10, 11-12, 13",bible/psalms-96.html#9,Revelation 2:10c,bible/revelation-02.html#9,,,Luke 21:5-11,bible/luke-21.html#4
2026-11-25,Wednesday of the Thirty-fourth Week in Ordinary Time,505,Green,Revelation 15:1-4,bible/revelation-15.html,"Psalm 98:1, 2-3ab, 7-8, 9",bible/psalms-98.html,Revelation 2:10c,bible/revelation-02.html#9,,,Luke 21:12-19,bible/luke-21.html#11
2026-11-26,Thanksgiving Day,943,Green,Sirach 50:22-24,bible/sirach-50.html#21,"Psalm 145:2-3, 4-5, 6-7, 8-9, 10-11",bible/psalms-145.html#1,1 Thessalonians 5:18,bible/1-thessalonians-05.html#17,1 Corinthians 1:3-9,bible/1-corinthians-01.html#2,Luke 17:11-19,bible/luke-17.html#10
2026-11-27,Friday of the Thirty-fourth Week in Ordinary Time,507,Green,"Revelation 20:1-4, 11—21:2",bible/revelation-20.html,"Psalm 84:3, 4, 5-6a, 8a",bible/psalms-84.html#2,Luke 21:28,bible/luke-21.html#27,,,Luke 21:29-33,bible/luke-21.html#28
2026-11-28,Saturday of the Thirty-fourth Week in Ordinary Time,508,Green,Revelation 22:1-7,bible/revelation-22.html,"Psalm 95:1-2, 3-5, 6-7ab",bible/psalms-95.html,Luke 21:36,bible/luke-21.html#35,,,Luke 21:34-36,bible/luke-21.html#33
2026-11-29,First Sunday of Advent,2,Violet,"Isaiah 63:16b-17, 19b; 64:2-7",bible/isaiah-63.html#15,"Psalm 80:2-3, 15-16, 18-19",bible/psalms-80.html#1,Psalm 85:8,bible/psalms-85.html#7,1 Corinthians 1:3-9,bible/1-corinthians-01.html#2,Mark 13:33-37,bible/mark-13.html#32
2026-11-30,"Feast of Saint Andrew, Apostle",684,Red,Romans 10:9-18,bible/romans-10.html#8,"Psalm 19:8, 9, 10, 11",bible/psalms-19.html#7,Matthew 4:19,bible/matthew-04.html#18,,,Matthew 4:18-22,bible/matthew-04.html#17
2026-12-01,Tuesday of the First Week of Advent,176,Violet,Isaiah 11:1-10,bible/isaiah-11.html,"Psalm 72:1-2, 7-8, 12-13, 17",bible/psalms-72.html,,,,,Luke 10:21-24,bible/luke-10.html#20
2026-12-02,Wednesday of the First Week of Advent,177,Violet,Isaiah 25:6-10a,bible/isaiah-25.html#5,"Psalm 23:1-3a, 3b-4, 5, 6",bible/psalms-23.html,,,,,Matthew 15:29-37,bible/matthew-15.html#28
2026-12-03,"Memorial of Saint Francis Xavier, Priest",178,White,Isaiah 26:1-6,bible/isaiah-26.html,"Psalm 118:1 and 8-9, 19-21, 25-27a",bible/psalms-118.html,Isaiah 55:6,bible/isaiah-55.html#5,,,"Matthew 7:21, 24-27",bible/matthew-07.html#20
2026-12-04,Friday of the First Week of Advent,179,Violet,Isaiah 29:17-24,bible/isaiah-29.html#16,"Psalm 27:1, 4, 13-14",bible/psalms-27.html,,,,,Matthew 9:27-31,bible/matthew-09.html#26
2026-12-05,Saturday of the First Week of Advent,180,Violet,"Isaiah 30:19-21, 23-26",bible/isaiah-30.html#18,"Psalm 147:1-2, 3-4, 5-6",bible/psalms-147.html,Isaiah 33:22,bible/isaiah-33.html#21,,,"Matthew 9:35–10:1, 5a, 6-8",bible/matthew-09.html#34
2026-12-06,Second Sunday of Advent,5,Violet,"Isaiah 40:1-5, 9-11",bible/isaiah-40.html,"Psalm 85:9-10-11-12, 13-14",bible/psalms-85.html#8,"Luke 3:4, 6",bible/luke-03.html#3,2 Peter 3:8-14,bible/2-peter-03.html#7,Mark 1:1-8,bible/mark-01.html
2026-12-07,"Memorial of Saint Ambrose, Bishop and Doctor of the Church",181,White,Isaiah 35:1-10,bible/isaiah-35.html,"Psalm 85:9ab and 10, 11-12, 13-14",bible/psalms-85.html#8,,,,,Luke 5:17-26,bible/luke-05.html#16
2026-12-08,Solemnity of the Immaculate Conception of the Blessed Virgin Mary,689,White,"Genesis 3:9-15, 20",bible/genesis-03.html#8,"Psalm 98:1, 2-3ab, 3cd-4",bible/psalms-98.html,See Luke 1:28,bible/luke-01.html#27,"Ephesians 1:3-6, 11-12",bible/ephesians-01.html#2,Luke 1:26-38,bible/luke-01.html#25
2026-12-09,Wednesday of the Second Week of Advent,183,Violet,Isaiah 40:25-31,bible/isaiah-40.html#24,"Psalm 103:1-2, 3-4, 8 and 10",bible/psalms-103.html,,,,,Matthew 11:28-30,bible/matthew-11.html#27
2026-12-10,Thursday of the Second Week of Advent,184,Violet,Isaiah 41:13-20,bible/isaiah-41.html#12,"Psalm 145:1 and 9, 10-11, 12-13ab",bible/psalms-145.html,See Isaiah 45:8,bible/isaiah-45.html#7,,,Matthew 11:11-15,bible/matthew-11.html#10
2026-12-11,Friday of the Second Week of Advent,185,Violet,Isaiah 48:17-19,bible/isaiah-48.html#16,"Psalm 1:1-2, 3, 4 and 6",bible/psalms-01.html,,,,,Matthew 11:16-19,bible/matthew-11.html#15
2026-12-12,Feast of Our Lady of Guadalupe,690,White,Zechariah 2:14-17,bible/zechariah-02.html#13,"Judith 13:18bcde, 19",bible/judith-13.html#17,,,,,Luke 1:26-38,bible/luke-01.html#25
2026-12-13,Third Sunday of Advent,8,Violet,"Isaiah 61:1-2a, 10-11",bible/isaiah-61.html,"Luke 1:46-48, 49-50, 53-54",bible/luke-01.html#45,Isaiah 61:1 (cited in Luke 4:18),bible/isaiah-61.html,1 Thessalonians 5:16-24,bible/1-thessalonians-05.html#15,"John 1:6-8, 19-28",bible/john-01.html#5
2026-12-14,"Memorial of Saint John of the Cross, Priest and Doctor of the Church",187,White,"Numbers 24:2-7, 15-17a",bible/numbers-24.html#1,"Psalm 25:4-5ab, 6 and 7bc, 8-9",bible/psalms-25.html#3,Psalm 85:8,bible/psalms-85.html#7,,,Matthew 21:23-27,bible/matthew-21.html#22
2026-12-15,Tuesday of the Third Week of Advent,188,Violet,"Zephaniah 3:1-2, 9-13",bible/zephaniah-03.html,"Psalm 34:2-3, 6-7, 17-18, 19 and 23",bible/psalms-34.html#1,,,,,Matthew 21:28-32,bible/matthew-21.html#27
2026-12-16,Wednesday of the Third Week of Advent,189,Violet,"Isaiah 45:6c-8, 18, 21c-25",bible/isaiah-45.html#5,"Psalm 85:9ab, 10, 11-12, 13-14",bible/psalms-85.html#8,See Isaiah 40:9-10,bible/isaiah-40.html#8,,,Luke 7:18b-23,bible/luke-07.html#17
2026-12-17,Thursday of the Third Week of Advent,193,Violet,"Genesis 49:2, 8-10",bible/genesis-49.html#1,"Psalm 72:1-2, 3-4ab, 7-8, 17",bible/psalms-72.html,,,,,Matthew 1:1-17,bible/matthew-01.html
2026-12-18,Friday of the Third Week of Advent,194,Violet,Jeremiah 23:5-8,bible/jeremiah-23.html#4,"Psalm 72:1-2, 12-13, 18-19",bible/psalms-72.html,,,,,Matthew 1:18-25,bible/matthew-01.html#17
2026-12-19,Saturday of the Third Week of Advent,195,Violet,"Judges 13:2-7, 24-25a",bible/judges-13.html#1,"Psalm 71:3-4a, 5-6ab, 16-17",bible/psalms-71.html#2,,,,,Luke 1:5-25,bible/luke-01.html#4
2026-12-20,Fourth Sunday of Advent,11,Violet,"2 Samuel 7:1-5, 8b-12, 14a, 16",bible/2-samuel-07.html,"Psalm 89:2-3, 4-5, 27, 29",bible/psalms-89.html#1,Luke 1:38,bible/luke-01.html#37,Romans 16:25-27,bible/romans-16.html#24,Luke 1:26-38,bible/luke-01.html#25
2026-12-21,Monday of the Fourth Week of Advent,197,Violet,Song of Songs 2:8-14,,"Psalm 33:2-3, 11-12, 20-21",bible/psalms-33.html#1,,,,,Luke 1:39-45,bible/luke-01.html#38
2026-12-22,Tuesday of the Fourth Week of Advent,198,Violet,1 Samuel 1:24-28,bible/1-samuel-01.html#23,"1 Samuel 2:1, 4-5, 6-7, 8abcd",bible/1-samuel-02.html,,,,,Luke 1:46-56,bible/luke-01.html#45
2026-12-23,Wednesday of the Fourth Week of Advent,199,Violet,"Malachi 3:1-4, 23-24",bible/malachi-03.html,"Psalm 25:4-5ab, 8-9, 10 and 14",bible/psalms-25.html#3,,,,,Luke 1:57-66,bible/luke-01.html#56
2026-12-24,Thursday of the Fourth Week of Advent,200,Violet,"2 Samuel 7:1-5, 8b-12, 14a, 16",bible/2-samuel-07.html,"Psalm 89:2-3, 4-5, 27 and 29",bible/psalms-89.html#1,,,,,Luke 1:67-79,bible/luke-01.html#66
2026-12-25,The Nativity of the Lord (Christmas),16,White,Isaiah 52:7-10,bible/isaiah-52.html#6,"Psalm 98:1, 2-3, 3-4, 5-6.",bible/psalms-98.html,,,Hebrews 1:1-6,bible/hebrews-01.html,John 1:1-18,bible/john-01.html
2026-12-26,"Feast of Saint Stephen, First Martyr",696,Red,Acts 6:8-10; 7:54-59,bible/acts-06.html#7,"Psalm 31:3cd-4, 6 and 8ab, 16bc and 17",bible/psalms-31.html#2,"Psalm 118:26a, 27a",bible/psalms-118.html#25,,,Matthew 10:17-22,bible/matthew-10.html#16
2026-12-27,"The Holy Family of Jesus, Mary and Joseph",17,White,"Sirach 3:2-6, 12-14",bible/sirach-03.html#1,"Psalm 128:1-2, 3, 4-5.",bible/psalms-128.html,"Colossians 3:15a, 16a",bible/colossians-03.html#14,Colossians 3:12-21,bible/colossians-03.html#11,Luke 2:22-40,bible/luke-02.html#21
2026-12-28,"Feast of the Holy Innocents, Martyrs",698,Red,1 John 1:5—2:2,bible/1-john-01.html#4,"Psalm 124:2-3, 4-5, 7cd-8",bible/psalms-124.html#1,,,,,Matthew 2:13-18,bible/matthew-02.html#12
2026-12-29,The Fifth Day in the Octave of Christmas,202,White,1 John 2:3-11,bible/1-john-02.html#2,"Psalm 96:1-2a, 2b-3, 5b-6",bible/psalms-96.html,Luke 2:32,bible/luke-02.html#31,,,Luke 2:22-35,bible/luke-02.html#21
2026-12-30,The Sixth Day in the Octave of Christmas,203,White,1 John 2:12-17,bible/1-john-02.html#11,"Psalm 96:7-8a, 8b-9, 10",bible/psalms-96.html#6,,,,,Luke 2:36-40,bible/luke-02.html#35
2026-12-31,The Seventh Day in the Octave of Christmas,204,White,1 John 2:18-21,bible/1-john-02.html#17,"Psalm 96:1-2, 11-12, 13",bible/psalms-96.html,"John 1:14a, 12a",bible/john-01.html#13,,,John 1:1-18,bible/john-01.html
